timestamp,inlet_temp_c,outlet_temp_c,pump_status
2026-08-05 20:37:42,28.50,28.12,ON
2026-08-05 20:37:44,28.50,28.12,ON
2026-08-05 20:37:45,28.50,28.19,ON
2026-08-05 20:37:46,28.50,28.12,ON
2026-08-05 20:37:48,28.50,28.12,ON
2026-08-05 20:37:49,28.50,28.19,ON
2026-08-05 20:37:50,28.50,28.12,ON
2026-08-05 20:37:52,28.50,28.12,ON
2026-08-05 20:37:53,28.50,28.19,ON
2026-08-05 20:37:54,28.50,28.12,ON
2026-08-05 20:37:56,28.50,28.19,ON
2026-08-05 20:37:57,28.50,28.12,ON
2026-08-05 20:37:58,28.56,28.19,ON
2026-08-05 20:38:00,28.62,28.12,ON
2026-08-05 20:38:01,28.69,28.12,ON
2026-08-05 20:38:02,28.75,28.19,ON
2026-08-05 20:38:04,28.81,28.19,ON
2026-08-05 20:38:05,28.87,28.12,ON
2026-08-05 20:38:06,28.94,28.12,ON
2026-08-05 20:38:08,29.06,28.12,ON
2026-08-05 20:38:09,29.06,28.19,ON
2026-08-05 22:10:54,28.25,27.87,ON
2026-08-05 22:10:55,28.25,27.87,ON
2026-08-05 22:10:56,28.25,27.81,ON
2026-08-05 22:10:58,28.25,27.81,ON
2026-08-05 22:10:59,28.25,27.81,ON
2026-08-05 22:11:00,28.25,27.87,ON
2026-08-05 22:11:02,28.25,27.81,ON
2026-08-05 22:11:03,28.25,27.87,ON
2026-08-05 22:11:04,28.19,27.81,ON
2026-08-05 22:11:06,28.19,27.87,ON
2026-08-05 22:11:07,28.25,27.81,ON
2026-08-05 22:11:08,28.25,27.87,ON
2026-08-05 22:11:10,28.19,27.87,ON
2026-08-05 22:11:11,28.19,27.81,ON
2026-08-05 22:11:12,28.19,27.87,ON
2026-08-05 22:11:14,28.19,27.81,ON
2026-08-05 22:11:15,28.19,27.81,ON
2026-08-05 22:11:16,28.25,27.87,ON
2026-08-05 22:11:18,28.25,27.81,ON
2026-08-05 22:11:19,28.19,27.81,ON
2026-08-05 22:11:20,28.25,27.87,ON
2026-08-05 22:11:22,28.19,27.81,ON
2026-08-05 22:11:23,28.25,27.81,ON
2026-08-05 22:11:24,28.25,27.81,ON
2026-08-05 22:11:26,28.25,27.81,ON
2026-08-05 22:11:27,28.25,27.81,ON
2026-08-05 22:11:28,28.25,27.87,ON
2026-08-05 22:11:30,28.25,27.87,ON
2026-08-05 22:11:31,28.25,27.81,ON
2026-08-05 22:11:33,28.25,27.87,ON
2026-08-05 22:11:34,28.25,27.87,ON
2026-08-05 22:11:35,28.25,27.87,ON
2026-08-05 22:11:37,28.25,27.87,ON
2026-08-05 22:11:38,28.25,27.87,ON
2026-08-05 22:11:39,28.25,27.87,ON
2026-08-05 22:11:41,28.25,27.87,ON
2026-08-05 22:11:42,28.25,27.87,ON
2026-08-05 22:11:43,28.25,27.87,ON
2026-08-05 22:11:45,28.25,27.87,ON
2026-08-05 22:11:46,28.25,27.87,ON
2026-08-05 22:11:47,28.25,27.87,ON
2026-08-05 22:11:49,28.25,27.87,ON
2026-08-05 22:11:50,28.25,27.87,ON
2026-08-05 22:11:51,28.25,27.87,ON
2026-08-05 22:11:53,28.25,27.87,ON
2026-08-05 22:11:54,28.25,27.87,ON
2026-08-05 22:11:55,28.25,27.87,ON
2026-08-05 22:11:57,28.25,27.87,ON
2026-08-05 22:11:58,28.25,27.87,ON
2026-08-05 22:11:59,28.25,27.87,ON
2026-08-05 22:12:01,28.25,27.87,ON
2026-08-05 22:12:02,28.25,27.94,ON
2026-08-05 22:12:03,28.25,27.94,ON
2026-08-05 22:12:05,28.25,27.94,ON
2026-08-05 22:12:06,28.25,27.94,ON
2026-08-05 22:12:07,28.25,27.94,ON
2026-08-05 22:12:09,28.31,27.94,ON
2026-08-05 22:12:10,28.25,27.94,ON
2026-08-05 22:12:11,28.25,27.94,ON
2026-08-05 22:12:13,28.25,27.94,ON
2026-08-05 22:12:14,28.31,27.94,ON
2026-08-05 22:12:16,28.25,27.94,ON
2026-08-05 22:12:17,28.25,27.94,ON
2026-08-05 22:12:18,28.25,27.94,ON
2026-08-05 22:12:20,28.31,27.94,ON
2026-08-05 22:12:21,28.25,27.94,ON
2026-08-05 22:12:22,28.31,27.94,ON
2026-08-05 22:12:24,28.25,27.94,ON
2026-08-05 22:12:25,28.31,27.94,ON
2026-08-05 22:12:26,28.31,27.94,ON
2026-08-05 22:12:28,28.25,27.94,ON
2026-08-05 22:12:29,28.31,27.94,ON
2026-08-05 22:12:30,28.31,27.94,ON
2026-08-05 22:12:32,28.31,27.94,ON
2026-08-05 22:12:33,28.31,27.94,ON
2026-08-05 22:12:34,28.25,27.94,ON
2026-08-05 22:12:36,28.31,27.94,ON
2026-08-05 22:12:37,28.25,27.94,ON
2026-08-05 22:12:38,28.31,27.94,ON
2026-08-05 22:12:40,28.31,27.94,ON
2026-08-05 22:12:41,28.31,27.94,ON
2026-08-05 22:12:42,28.31,27.94,ON
2026-08-05 22:12:44,28.31,27.94,ON
2026-08-05 22:12:45,28.31,27.94,ON
2026-08-05 22:12:46,28.31,27.94,ON
2026-08-05 22:12:48,28.31,27.94,ON
2026-08-05 22:12:49,28.31,27.94,ON
2026-08-05 22:12:50,28.31,27.94,ON
2026-08-05 22:12:52,28.31,28.00,ON
2026-08-05 22:12:53,28.31,27.94,ON
2026-08-05 22:12:55,28.31,27.94,ON
2026-08-05 22:12:56,28.25,27.94,ON
2026-08-05 22:12:57,28.31,27.94,ON
2026-08-05 22:12:59,28.31,27.94,ON
2026-08-05 22:13:00,28.31,27.94,ON
2026-08-05 22:13:01,28.31,27.94,ON
2026-08-05 22:13:03,28.31,27.94,ON
2026-08-05 22:13:04,28.31,27.94,ON
2026-08-05 22:13:05,28.31,27.94,ON
2026-08-05 22:13:07,28.31,27.94,ON
2026-08-05 22:13:08,28.31,27.94,ON
2026-08-05 22:13:09,28.31,27.94,ON
2026-08-05 22:13:11,28.31,27.94,ON
2026-08-05 22:13:12,28.25,27.94,ON
2026-08-05 22:13:13,28.31,27.94,ON
2026-08-05 22:13:15,28.31,27.94,ON
2026-08-05 22:13:16,28.31,27.94,ON
2026-08-05 22:13:17,28.31,27.94,ON
2026-08-05 22:13:19,28.31,27.94,ON
2026-08-05 22:13:20,28.31,27.94,ON
2026-08-05 22:13:21,28.31,27.94,ON
2026-08-05 22:13:23,28.31,27.94,ON
2026-08-05 22:13:24,28.31,27.94,ON
2026-08-05 22:13:25,28.31,27.94,ON
2026-08-05 22:13:27,28.31,27.94,ON
2026-08-05 22:13:28,28.31,27.94,ON
2026-08-05 22:13:29,28.31,27.94,ON
2026-08-05 22:13:31,28.31,27.94,ON
2026-08-05 22:13:32,28.31,27.94,ON
2026-08-05 22:13:33,28.31,27.94,ON
2026-08-05 22:13:35,28.31,27.94,ON
2026-08-05 22:13:36,28.31,27.94,ON
2026-08-05 22:13:38,28.31,27.94,ON
2026-08-05 22:13:39,28.31,27.94,ON
2026-08-05 22:13:40,28.25,27.94,ON
2026-08-05 22:13:42,28.31,27.94,ON
2026-08-05 22:13:43,28.31,27.94,ON
2026-08-05 22:13:44,28.25,27.94,ON
2026-08-05 22:13:46,28.31,27.87,ON
2026-08-05 22:13:47,28.31,27.94,ON
2026-08-05 22:13:48,28.25,27.87,ON
2026-08-05 22:13:50,28.25,27.94,ON
2026-08-05 22:13:51,28.25,27.87,ON
2026-08-05 22:13:52,28.25,27.87,ON
2026-08-05 22:13:54,28.25,27.87,ON
2026-08-05 22:13:55,28.25,27.87,ON
2026-08-05 22:13:56,28.31,27.94,ON
2026-08-05 22:13:58,28.31,27.87,ON
2026-08-05 22:13:59,28.31,27.87,ON
2026-08-05 22:14:00,28.31,27.87,ON
2026-08-05 22:14:02,28.25,27.87,ON
2026-08-05 22:14:03,28.31,27.87,ON
2026-08-05 22:14:04,28.25,27.87,ON
2026-08-05 22:14:06,28.25,27.87,ON
2026-08-05 22:14:07,28.25,27.87,ON
2026-08-05 22:14:08,28.25,27.87,ON
2026-08-05 22:14:10,28.25,27.87,ON
2026-08-05 22:14:11,28.25,27.87,ON
2026-08-05 22:14:12,28.25,27.87,ON
2026-08-05 22:14:14,28.25,27.87,ON
2026-08-05 22:14:15,28.31,27.87,ON
2026-08-05 22:14:16,28.31,27.87,ON
2026-08-05 22:14:18,28.25,27.87,ON
2026-08-05 22:14:19,28.25,27.87,ON
2026-08-05 22:14:21,28.25,27.87,ON
2026-08-05 22:14:22,28.25,27.87,ON
2026-08-05 22:14:23,28.25,27.87,ON
2026-08-05 22:14:25,28.25,27.87,ON
2026-08-05 22:14:26,28.25,27.87,ON
2026-08-05 22:14:27,28.25,27.87,ON
2026-08-05 22:14:29,28.25,27.87,ON
2026-08-05 22:14:30,28.25,27.87,ON
2026-08-05 22:14:31,28.25,27.87,ON
2026-08-05 22:14:33,28.25,27.87,ON
2026-08-05 22:14:34,28.25,27.87,ON
2026-08-05 22:14:35,28.25,27.87,ON
2026-08-05 22:14:37,28.25,27.87,ON
2026-08-05 22:14:38,28.25,27.87,ON
2026-08-05 22:14:39,28.25,27.87,ON
2026-08-05 22:14:41,28.25,27.87,ON
2026-08-05 22:14:42,28.25,27.87,ON
2026-08-05 22:14:43,28.25,27.87,ON
2026-08-05 22:14:45,28.25,27.87,ON
2026-08-05 22:14:46,28.25,27.87,ON
2026-08-05 22:14:47,28.25,27.87,ON
2026-08-05 22:14:49,28.25,27.87,ON
2026-08-05 22:14:50,28.25,27.87,ON
2026-08-05 22:14:51,28.25,27.87,ON
2026-08-05 22:14:53,28.25,27.87,ON
2026-08-05 22:14:54,28.25,27.87,ON
2026-08-05 22:14:55,28.25,27.87,ON
2026-08-05 22:14:57,28.25,27.87,ON
2026-08-05 22:14:58,28.25,27.81,ON
2026-08-05 22:15:00,28.25,27.87,ON
2026-08-05 22:15:01,28.25,27.87,ON
2026-08-05 22:15:02,28.25,27.87,ON
2026-08-05 22:15:04,28.25,27.87,ON
2026-08-05 22:15:05,28.25,27.87,ON
2026-08-05 22:15:06,28.25,27.87,ON
2026-08-05 22:15:08,28.25,27.87,ON
2026-08-05 22:15:09,28.25,27.87,ON
2026-08-05 22:15:10,28.25,27.87,ON
2026-08-05 22:15:12,28.25,27.87,ON
2026-08-05 22:15:13,28.25,27.87,ON
2026-08-05 22:15:14,28.25,27.81,ON
2026-08-05 22:15:16,28.25,27.87,ON
2026-08-05 22:15:17,28.25,27.81,ON
2026-08-05 22:15:18,28.25,27.81,ON
2026-08-05 22:15:20,28.25,27.81,ON
2026-08-05 22:15:21,28.25,27.81,ON
2026-08-05 22:15:22,28.25,27.81,ON
2026-08-05 22:15:24,28.25,27.81,ON
2026-08-05 22:15:25,28.25,27.81,ON
2026-08-05 22:15:26,28.25,27.81,ON
2026-08-05 22:15:28,28.25,27.87,ON
2026-08-05 22:15:29,28.25,27.81,ON
2026-08-05 22:15:30,28.25,27.87,ON
2026-08-05 22:15:32,28.25,27.87,ON
2026-08-05 22:15:33,28.25,27.87,ON
2026-08-05 22:15:34,28.25,27.81,ON
2026-08-05 22:15:36,28.25,27.87,ON
2026-08-05 22:15:37,28.25,27.87,ON
2026-08-05 22:15:38,28.19,27.81,ON
2026-08-05 22:15:40,28.25,27.81,ON
2026-08-05 22:15:41,28.25,27.81,ON
2026-08-05 22:15:43,28.25,27.81,ON
2026-08-05 22:15:44,28.25,27.81,ON
2026-08-05 22:15:45,28.25,27.81,ON
2026-08-05 22:15:47,28.25,27.81,ON
2026-08-05 22:15:48,28.25,27.87,ON
2026-08-05 22:15:49,28.25,27.87,ON
2026-08-05 22:15:51,28.25,27.81,ON
2026-08-05 22:15:52,28.19,27.81,ON
2026-08-05 22:15:53,28.19,27.81,ON
2026-08-05 22:15:55,28.25,27.81,ON
2026-08-05 22:15:56,28.19,27.87,ON
2026-08-05 22:15:57,28.25,27.81,ON
2026-08-05 22:15:59,28.25,27.87,ON
2026-08-05 22:16:00,28.25,27.81,ON
2026-08-05 22:16:01,28.25,27.81,ON
2026-08-05 22:16:03,28.25,27.81,ON
2026-08-05 22:16:04,28.25,27.81,ON
2026-08-05 22:16:05,28.19,27.81,ON
2026-08-05 22:16:07,28.25,27.81,ON
2026-08-05 22:16:08,28.25,27.81,ON
2026-08-05 22:16:09,28.25,27.81,ON
2026-08-05 22:16:11,28.19,27.81,ON
2026-08-05 22:16:12,28.25,27.81,ON
2026-08-05 22:16:13,28.25,27.81,ON
2026-08-05 22:16:15,28.25,27.87,ON
2026-08-05 22:16:16,28.19,27.81,ON
2026-08-05 22:16:17,28.25,27.81,ON
2026-08-05 22:16:19,28.25,27.81,ON
2026-08-05 22:16:20,28.25,27.81,ON
2026-08-05 22:16:21,28.25,27.81,ON
2026-08-05 22:16:23,28.19,27.81,ON
2026-08-05 22:16:24,28.19,27.81,ON
2026-08-05 22:16:26,28.25,27.81,ON
2026-08-05 22:16:27,28.19,27.81,ON
2026-08-05 22:16:28,28.19,27.81,ON
2026-08-05 22:16:30,28.19,27.81,ON
2026-08-05 22:16:31,28.19,27.81,ON
2026-08-05 22:16:32,28.19,27.81,ON
2026-08-05 22:16:34,28.19,27.81,ON
2026-08-05 22:16:35,28.19,27.81,ON
2026-08-05 22:16:36,28.19,27.81,ON
2026-08-05 22:16:38,28.19,27.81,ON
2026-08-05 22:16:39,28.19,27.81,ON
2026-08-05 22:16:40,28.19,27.81,ON
2026-08-05 22:16:42,28.19,27.81,ON
2026-08-05 22:16:43,28.19,27.81,ON
2026-08-05 22:16:44,28.19,27.81,ON
2026-08-05 22:16:46,28.19,27.81,ON
2026-08-05 22:16:47,28.19,27.81,ON
2026-08-05 22:16:48,28.19,27.81,ON
2026-08-05 22:16:50,28.19,27.81,ON
2026-08-05 22:16:51,28.19,27.81,ON
2026-08-05 22:16:52,28.19,27.81,ON
2026-08-05 22:16:54,28.19,27.81,ON
2026-08-05 22:16:55,28.19,27.81,ON
2026-08-05 22:16:56,28.19,27.81,ON
2026-08-05 22:16:58,28.25,27.81,ON
2026-08-05 22:16:59,28.19,27.81,ON
2026-08-05 22:17:00,28.19,27.81,ON
2026-08-05 22:17:02,28.19,27.81,ON
2026-08-05 22:17:03,28.19,27.81,ON
2026-08-05 22:17:05,28.25,27.81,ON
2026-08-05 22:17:06,28.19,27.81,ON
2026-08-05 22:17:07,28.19,27.81,ON
2026-08-05 22:17:09,28.25,27.81,ON
2026-08-05 22:17:10,28.19,27.81,ON
2026-08-05 22:17:11,28.19,27.81,ON
2026-08-05 22:17:13,28.19,27.81,ON
2026-08-05 22:17:14,28.19,27.87,ON
2026-08-05 22:17:15,28.19,27.87,ON
2026-08-05 22:17:17,28.19,27.87,ON
2026-08-05 22:17:18,28.19,27.87,ON
2026-08-05 22:17:19,28.19,27.87,ON
2026-08-05 22:17:21,28.25,27.87,ON
2026-08-05 22:17:22,28.19,27.87,ON
2026-08-05 22:17:23,28.19,27.87,ON
2026-08-05 22:17:25,28.19,27.87,ON
2026-08-05 22:17:26,28.25,27.87,ON
2026-08-05 22:17:27,28.25,27.87,ON
2026-08-05 22:17:29,28.25,27.87,ON
2026-08-05 22:17:30,28.25,27.87,ON
2026-08-05 22:17:31,28.25,27.87,ON
2026-08-05 22:17:33,28.25,27.87,ON
2026-08-05 22:17:34,28.25,27.87,ON
2026-08-05 22:17:35,28.25,27.87,ON
2026-08-05 22:17:37,28.25,27.87,ON
2026-08-05 22:17:38,28.25,27.87,ON
2026-08-05 22:17:39,28.25,27.87,ON
2026-08-05 22:17:41,28.25,27.87,ON
2026-08-05 22:17:42,28.25,27.87,ON
2026-08-05 22:17:43,28.25,27.87,ON
2026-08-05 22:17:45,28.25,27.87,ON
2026-08-05 22:17:46,28.25,27.87,ON
2026-08-05 22:17:48,28.25,27.94,ON
2026-08-05 22:17:49,28.25,27.87,ON
2026-08-05 22:17:50,28.25,27.87,ON
2026-08-05 22:17:52,28.25,27.94,ON
2026-08-05 22:17:53,28.31,27.94,ON
2026-08-05 22:17:54,28.25,27.87,ON
2026-08-05 22:17:56,28.25,27.87,ON
2026-08-05 22:17:57,28.31,27.87,ON
2026-08-05 22:17:58,28.25,27.87,ON
2026-08-05 22:18:00,28.25,27.94,ON
2026-08-05 22:18:01,28.25,27.87,ON
2026-08-05 22:18:02,28.25,27.94,ON
2026-08-05 22:18:04,28.31,27.94,ON
2026-08-05 22:18:05,28.25,27.94,ON
2026-08-05 22:18:06,28.25,27.94,ON
2026-08-05 22:18:08,28.31,27.94,ON
2026-08-05 22:18:09,28.31,27.94,ON
2026-08-05 22:18:10,28.31,27.94,ON
2026-08-05 22:18:12,28.31,27.94,ON
2026-08-05 22:18:13,28.31,27.94,ON
2026-08-05 22:18:14,28.31,27.94,ON
2026-08-05 22:18:16,28.31,27.94,ON
2026-08-05 22:18:17,28.31,27.94,ON
2026-08-05 22:18:18,28.31,27.94,ON
2026-08-05 22:18:20,28.31,27.94,ON
2026-08-05 22:18:21,28.31,27.94,ON
2026-08-05 22:18:22,28.31,27.94,ON
2026-08-05 22:18:24,28.31,27.94,ON
2026-08-05 22:18:25,28.31,27.94,ON
2026-08-05 22:18:26,28.31,28.00,ON
2026-08-05 22:18:28,28.31,27.94,ON
2026-08-05 22:18:29,28.31,28.00,ON
2026-08-05 22:18:31,28.31,28.00,ON
2026-08-05 22:18:32,28.31,27.94,ON
2026-08-05 22:18:33,28.31,28.00,ON
2026-08-05 22:18:35,28.31,28.00,ON
2026-08-05 22:18:36,28.31,28.00,ON
2026-08-05 22:18:37,28.31,28.00,ON
2026-08-05 22:18:39,28.31,28.00,ON
2026-08-05 22:18:40,28.31,28.00,ON
2026-08-05 22:18:41,28.31,28.00,ON
2026-08-05 22:18:43,28.31,28.00,ON
2026-08-05 22:18:44,28.31,28.00,ON
2026-08-05 22:18:45,28.31,28.00,ON
2026-08-05 22:18:47,28.31,28.00,ON
2026-08-05 22:18:48,28.31,28.00,ON
2026-08-05 22:18:49,28.31,28.00,ON
2026-08-05 22:18:51,28.31,28.00,ON
2026-08-05 22:18:52,28.31,28.00,ON
2026-08-05 22:18:53,28.31,28.00,ON
2026-08-05 22:18:55,28.37,28.00,ON
2026-08-05 22:18:56,28.31,28.00,ON
2026-08-05 22:18:57,28.37,28.00,ON
2026-08-05 22:18:59,28.31,28.00,ON
2026-08-05 22:19:00,28.31,28.00,ON
2026-08-05 22:19:01,28.31,28.00,ON
2026-08-05 22:19:03,28.37,28.00,ON
2026-08-05 22:19:04,28.37,28.00,ON
2026-08-05 22:19:05,28.31,28.00,ON
2026-08-05 22:19:07,28.31,28.00,ON
2026-08-05 22:19:08,28.31,28.00,ON
2026-08-05 22:19:09,28.31,28.00,ON
2026-08-05 22:19:11,28.31,28.00,ON
2026-08-05 22:19:12,28.31,28.00,ON
2026-08-05 22:19:14,28.31,28.00,ON
2026-08-05 22:19:15,28.37,28.00,ON
2026-08-05 22:19:16,28.31,28.00,ON
2026-08-05 22:19:18,28.31,28.00,ON
2026-08-05 22:19:19,28.37,28.00,ON
2026-08-05 22:19:20,28.31,28.00,ON
2026-08-05 22:19:22,28.31,28.00,ON
2026-08-05 22:19:23,28.37,28.00,ON
2026-08-05 22:19:24,28.31,28.00,ON
2026-08-05 22:19:26,28.31,28.00,ON
2026-08-05 22:19:27,28.31,28.00,ON
2026-08-05 22:19:28,28.31,28.00,ON
2026-08-05 22:19:30,28.31,28.00,ON
2026-08-05 22:19:31,28.31,28.00,ON
2026-08-05 22:19:32,28.31,28.00,ON
2026-08-05 22:19:34,28.37,28.00,ON
2026-08-05 22:19:35,28.31,28.00,ON
2026-08-05 22:19:36,28.31,28.00,ON
2026-08-05 22:19:38,28.37,28.00,ON
2026-08-05 22:19:39,28.31,28.00,ON
2026-08-05 22:19:40,28.37,28.00,ON
2026-08-05 22:19:42,28.37,28.00,ON
2026-08-05 22:19:43,28.37,28.00,ON
2026-08-05 22:19:44,28.37,28.00,ON
2026-08-05 22:19:46,28.37,28.00,ON
2026-08-05 22:19:47,28.31,28.00,ON
2026-08-05 22:19:48,28.37,28.00,ON
2026-08-05 22:19:50,28.31,28.00,ON
2026-08-05 22:19:51,28.31,28.00,ON
2026-08-05 22:19:53,28.31,28.00,ON
2026-08-05 22:19:54,28.31,28.00,ON
2026-08-05 22:19:55,28.37,28.00,ON
2026-08-05 22:19:57,28.31,28.00,ON
2026-08-05 22:19:58,28.37,28.00,ON
2026-08-05 22:19:59,28.31,28.00,ON
2026-08-05 22:20:01,28.37,28.00,ON
2026-08-05 22:20:02,28.31,27.94,ON
2026-08-05 22:20:03,28.31,28.00,ON
2026-08-05 22:20:05,28.37,28.00,ON
2026-08-05 22:20:06,28.31,28.00,ON
2026-08-05 22:20:07,28.31,28.00,ON
2026-08-05 22:20:09,28.37,28.00,ON
2026-08-05 22:20:10,28.31,28.00,ON
2026-08-05 22:20:11,28.37,28.00,ON
2026-08-05 22:20:13,28.31,28.00,ON
2026-08-05 22:20:14,28.31,28.00,ON
2026-08-05 22:20:15,28.31,28.00,ON
2026-08-05 22:20:17,28.37,28.06,ON
2026-08-05 22:20:18,28.31,28.00,ON
2026-08-05 22:20:19,28.31,28.00,ON
2026-08-05 22:20:21,28.37,28.00,ON
2026-08-05 22:20:22,28.31,28.00,ON
2026-08-05 22:20:23,28.31,28.00,ON
2026-08-05 22:20:25,28.37,28.00,ON
2026-08-05 22:20:26,28.31,28.00,ON
2026-08-05 22:20:27,28.31,28.00,ON
2026-08-05 22:20:29,28.31,28.00,ON
2026-08-05 22:20:30,28.31,28.00,ON
2026-08-05 22:20:31,28.37,28.00,ON
2026-08-05 22:20:33,28.31,28.00,ON
2026-08-05 22:20:34,28.31,28.00,ON
2026-08-05 22:20:36,28.37,28.00,ON
2026-08-05 22:20:37,28.37,28.00,ON
2026-08-05 22:20:38,28.31,28.00,ON
2026-08-05 22:20:40,28.31,28.00,ON
2026-08-05 22:20:41,28.31,28.00,ON
2026-08-05 22:20:42,28.31,28.00,ON
2026-08-05 22:20:44,28.37,28.06,ON
2026-08-05 22:20:45,28.37,28.00,ON
2026-08-05 22:20:46,28.37,28.00,ON
2026-08-05 22:20:48,28.37,28.00,ON
2026-08-05 22:20:49,28.31,28.00,ON
2026-08-05 22:20:50,28.37,28.00,ON
2026-08-05 22:20:52,28.37,28.00,ON
2026-08-05 22:20:53,28.31,28.00,ON
2026-08-05 22:20:54,28.31,28.00,ON
2026-08-05 22:20:56,28.31,28.00,ON
2026-08-05 22:20:57,28.37,28.00,ON
2026-08-05 22:20:58,28.37,28.00,ON
2026-08-05 22:21:00,28.31,28.00,ON
2026-08-05 22:21:01,28.37,28.00,ON
2026-08-05 22:21:02,28.31,28.00,ON
2026-08-05 22:21:04,28.37,28.00,ON
2026-08-05 22:21:05,28.37,28.00,ON
2026-08-05 22:21:06,28.31,28.06,ON
2026-08-05 22:21:08,28.37,28.00,ON
2026-08-05 22:21:09,28.37,28.00,ON
2026-08-05 22:21:10,28.31,28.00,ON
2026-08-05 22:21:12,28.31,28.00,ON
2026-08-05 22:21:13,28.31,28.00,ON
2026-08-05 22:21:14,28.37,28.00,ON
2026-08-05 22:21:16,28.37,28.00,ON
2026-08-05 22:21:17,28.37,28.06,ON
2026-08-05 22:21:19,28.31,28.00,ON
2026-08-05 22:21:20,28.31,28.00,ON
2026-08-05 22:21:21,28.31,28.00,ON
2026-08-05 22:21:23,28.31,28.00,ON
2026-08-05 22:21:24,28.37,28.00,ON
2026-08-05 22:21:25,28.37,28.06,ON
2026-08-05 22:21:27,28.31,28.00,ON
2026-08-05 22:21:28,28.37,28.00,ON
2026-08-05 22:21:29,28.37,28.06,ON
2026-08-05 22:21:31,28.31,28.00,ON
2026-08-05 22:21:32,28.37,28.00,ON
2026-08-05 22:21:33,28.37,28.00,ON
2026-08-05 22:21:35,28.37,28.00,ON
2026-08-05 22:21:36,28.37,28.00,ON
2026-08-05 22:21:37,28.37,28.06,ON
2026-08-05 22:21:39,28.37,28.06,ON
2026-08-05 22:21:40,28.31,28.06,ON
2026-08-05 22:21:41,28.37,28.06,ON
2026-08-05 22:21:43,28.37,28.00,ON
2026-08-05 22:21:44,28.37,28.06,ON
2026-08-05 22:21:45,28.37,28.06,ON
2026-08-05 22:21:47,28.37,28.06,ON
2026-08-05 22:21:48,28.37,28.00,ON
2026-08-05 22:21:49,28.37,28.00,ON
2026-08-05 22:21:51,28.37,28.00,ON
2026-08-05 22:21:52,28.37,28.06,ON
2026-08-05 22:21:53,28.31,28.06,ON
2026-08-05 22:21:55,28.37,28.00,ON
2026-08-05 22:21:56,28.31,28.06,ON
2026-08-05 22:21:57,28.37,28.06,ON
2026-08-05 22:21:59,28.37,28.00,ON
2026-08-05 22:22:00,28.31,28.06,ON
2026-08-05 22:22:02,28.31,28.06,ON
2026-08-05 22:22:03,28.31,28.00,ON
2026-08-05 22:22:04,28.37,28.00,ON
2026-08-05 22:22:06,28.37,28.00,ON
2026-08-05 22:22:07,28.37,28.00,ON
2026-08-05 22:22:08,28.31,28.00,ON
2026-08-05 22:22:10,28.37,28.00,ON
2026-08-05 22:22:11,28.31,28.00,ON
2026-08-05 22:22:12,28.31,28.00,ON
2026-08-05 22:22:14,28.37,28.00,ON
2026-08-05 22:22:15,28.37,28.00,ON
2026-08-05 22:22:16,28.37,28.00,ON
2026-08-05 22:22:18,28.31,28.06,ON
2026-08-05 22:22:19,28.31,28.00,ON
2026-08-05 22:22:20,28.31,28.06,ON
2026-08-05 22:22:22,28.31,28.00,ON
2026-08-05 22:22:23,28.31,28.00,ON
2026-08-05 22:22:24,28.37,28.00,ON
2026-08-05 22:22:26,28.37,28.00,ON
2026-08-05 22:22:27,28.31,28.06,ON
2026-08-05 22:22:28,28.37,28.00,ON
2026-08-05 22:22:30,28.31,28.00,ON
2026-08-05 22:22:31,28.37,28.06,ON
2026-08-05 22:22:32,28.37,28.00,ON
2026-08-05 22:22:34,28.37,28.00,ON
2026-08-05 22:22:35,28.37,28.00,ON
2026-08-05 22:22:36,28.37,28.00,ON
2026-08-05 22:22:38,28.37,28.00,ON
2026-08-05 22:22:39,28.31,28.00,ON
2026-08-05 22:22:41,28.31,28.00,ON
2026-08-05 22:22:42,28.31,28.00,ON
2026-08-05 22:22:43,28.37,28.00,ON
2026-08-05 22:22:45,28.37,28.00,ON
2026-08-05 22:22:46,28.31,28.00,ON
2026-08-05 22:22:47,28.31,28.00,ON
2026-08-05 22:22:49,28.37,28.00,ON
2026-08-05 22:22:50,28.31,28.06,ON
2026-08-05 22:22:51,28.37,28.00,ON
2026-08-05 22:22:53,28.31,28.00,ON
2026-08-05 22:22:54,28.31,28.00,ON
2026-08-05 22:22:55,28.37,28.00,ON
2026-08-05 22:22:57,28.31,28.00,ON
2026-08-05 22:22:58,28.37,28.00,ON
2026-08-05 22:22:59,28.37,28.00,ON
2026-08-05 22:23:01,28.31,28.00,ON
2026-08-05 22:23:02,28.31,28.00,ON
2026-08-05 22:23:03,28.31,28.00,ON
2026-08-05 22:23:05,28.37,28.00,ON
2026-08-05 22:23:06,28.31,28.00,ON
2026-08-05 22:23:07,28.31,28.00,ON
2026-08-05 22:23:09,28.31,28.00,ON
2026-08-05 22:23:10,28.31,28.00,ON
2026-08-05 22:23:11,28.31,28.00,ON
2026-08-05 22:23:13,28.31,28.00,ON
2026-08-05 22:23:14,28.31,28.00,ON
2026-08-05 22:23:15,28.31,28.00,ON
2026-08-05 22:23:17,28.31,28.00,ON
2026-08-05 22:23:18,28.31,28.00,ON
2026-08-05 22:23:19,28.31,28.00,ON
2026-08-05 22:23:21,28.31,28.00,ON
2026-08-05 22:23:22,28.31,28.00,ON
2026-08-05 22:23:24,28.37,28.00,ON
2026-08-05 22:23:25,28.31,28.00,ON
2026-08-05 22:23:26,28.31,28.00,ON
2026-08-05 22:23:28,28.31,28.00,ON
2026-08-05 22:23:29,28.31,28.00,ON
2026-08-05 22:23:30,28.31,28.00,ON
2026-08-05 22:23:32,28.31,28.00,ON
2026-08-05 22:23:33,28.37,28.00,ON
2026-08-05 22:23:34,28.31,28.06,ON
2026-08-05 22:23:36,28.31,28.00,ON
2026-08-05 22:23:37,28.37,28.06,ON
2026-08-05 22:23:38,28.37,28.00,ON
2026-08-05 22:23:40,28.31,28.00,ON
2026-08-05 22:23:41,28.37,28.00,ON
2026-08-05 22:23:42,28.37,28.00,ON
2026-08-05 22:23:44,28.31,28.00,ON
2026-08-05 22:23:45,28.31,28.00,ON
2026-08-05 22:23:46,28.31,28.00,ON
2026-08-05 22:23:48,28.31,28.06,ON
2026-08-05 22:23:49,28.31,28.00,ON
2026-08-05 22:23:50,28.31,28.00,ON
2026-08-05 22:23:52,28.37,28.00,ON
2026-08-05 22:23:53,28.31,28.06,ON
2026-08-05 22:23:54,28.31,28.06,ON
2026-08-05 22:23:56,28.37,28.00,ON
2026-08-05 22:23:57,28.37,28.00,ON
2026-08-05 22:23:58,28.31,28.06,ON
2026-08-05 22:24:00,28.31,28.00,ON
2026-08-05 22:24:01,28.31,28.00,ON
2026-08-05 22:24:02,28.37,28.00,ON
2026-08-05 22:24:04,28.31,28.00,ON
2026-08-05 22:24:05,28.31,28.00,ON
2026-08-05 22:24:07,28.37,28.06,ON
2026-08-05 22:24:08,28.31,28.00,ON
2026-08-05 22:24:09,28.37,28.00,ON
2026-08-05 22:24:11,28.37,28.06,ON
2026-08-05 22:24:12,28.31,28.00,ON
2026-08-05 22:24:13,28.31,28.06,ON
2026-08-05 22:24:15,28.31,28.06,ON
2026-08-05 22:24:16,28.31,28.06,ON
2026-08-05 22:24:17,28.37,28.06,ON
2026-08-05 22:24:19,28.37,28.06,ON
2026-08-05 22:24:20,28.37,28.06,ON
2026-08-05 22:24:21,28.37,28.00,ON
2026-08-05 22:24:23,28.37,28.06,ON
2026-08-05 22:24:24,28.31,28.06,ON
2026-08-05 22:24:25,28.31,28.06,ON
2026-08-05 22:24:27,28.37,28.06,ON
2026-08-05 22:24:28,28.31,28.00,ON
2026-08-05 22:24:29,28.37,28.00,ON
2026-08-05 22:24:31,28.37,28.06,ON
2026-08-05 22:24:32,28.37,28.06,ON
2026-08-05 22:24:33,28.37,28.06,ON
2026-08-05 22:24:35,28.37,28.06,ON
2026-08-05 22:24:36,28.37,28.06,ON
2026-08-05 22:24:37,28.37,28.06,ON
2026-08-05 22:24:39,28.37,28.06,ON
2026-08-05 22:24:40,28.37,28.06,ON
2026-08-05 22:24:41,28.31,28.06,ON
2026-08-05 22:24:43,28.37,28.06,ON
2026-08-05 22:24:44,28.37,28.06,ON
2026-08-05 22:24:45,28.37,28.06,ON
2026-08-05 22:24:47,28.31,28.06,ON
2026-08-05 22:24:48,28.37,28.06,ON
2026-08-05 22:24:50,28.37,28.06,ON
2026-08-05 22:24:51,28.37,28.06,ON
2026-08-05 22:24:52,28.37,28.06,ON
2026-08-05 22:24:54,28.37,28.06,ON
2026-08-05 22:24:55,28.37,28.06,ON
2026-08-05 22:24:56,28.37,28.06,ON
2026-08-05 22:24:58,28.37,28.06,ON
2026-08-05 22:24:59,28.37,28.06,ON
2026-08-05 22:25:00,28.37,28.06,ON
2026-08-05 22:25:02,28.37,28.06,ON
2026-08-05 22:25:03,28.37,28.06,ON
2026-08-05 22:25:04,28.37,28.06,ON
2026-08-05 22:25:06,28.37,28.12,ON
2026-08-05 22:25:07,28.37,28.12,ON
2026-08-05 22:25:08,28.37,28.06,ON
2026-08-05 22:25:10,28.37,28.12,ON
2026-08-05 22:25:11,28.37,28.06,ON
2026-08-05 22:25:12,28.37,28.06,ON
2026-08-05 22:25:14,28.37,28.12,ON
2026-08-05 22:25:15,28.37,28.06,ON
2026-08-05 22:25:16,28.37,28.06,ON
2026-08-05 22:25:18,28.37,28.06,ON
2026-08-05 22:25:19,28.37,28.12,ON
2026-08-05 22:25:20,28.37,28.06,ON
2026-08-05 22:25:22,28.37,28.12,ON
2026-08-05 22:25:23,28.37,28.12,ON
2026-08-05 22:25:24,28.37,28.06,ON
2026-08-05 22:25:26,28.37,28.12,ON
2026-08-05 22:25:27,28.37,28.12,ON
2026-08-05 22:25:29,28.37,28.06,ON
2026-08-05 22:25:30,28.37,28.12,ON
2026-08-05 22:25:31,28.37,28.06,ON
2026-08-05 22:25:33,28.37,28.06,ON
2026-08-05 22:25:34,28.37,28.06,ON
2026-08-05 22:25:35,28.37,28.06,ON
2026-08-05 22:25:37,28.37,28.06,ON
2026-08-05 22:25:38,28.37,28.06,ON
2026-08-05 22:25:39,28.37,28.06,ON
2026-08-05 22:25:41,28.37,28.06,ON
2026-08-05 22:25:42,28.37,28.06,ON
2026-08-05 22:25:43,28.37,28.12,ON
2026-08-05 22:25:45,28.37,28.06,ON
2026-08-05 22:25:46,28.37,28.06,ON
2026-08-05 22:25:47,28.37,28.12,ON
2026-08-05 22:25:49,28.37,28.06,ON
2026-08-05 22:25:50,28.37,28.06,ON
2026-08-05 22:25:51,28.37,28.06,ON
2026-08-05 22:25:53,28.37,28.06,ON
2026-08-05 22:25:54,28.37,28.06,ON
2026-08-05 22:25:55,28.37,28.06,ON
2026-08-05 22:25:57,28.37,28.06,ON
2026-08-05 22:25:58,28.37,28.06,ON
2026-08-05 22:25:59,28.37,28.06,ON
2026-08-05 22:26:01,28.37,28.12,ON
2026-08-05 22:26:02,28.37,28.12,ON
2026-08-05 22:26:03,28.37,28.06,ON
2026-08-05 22:26:05,28.37,28.06,ON
2026-08-05 22:26:06,28.37,28.06,ON
2026-08-05 22:26:07,28.37,28.06,ON
2026-08-05 22:26:09,28.37,28.06,ON
2026-08-05 22:26:10,28.37,28.06,ON
2026-08-05 22:26:12,28.37,28.06,ON
2026-08-05 22:26:13,28.37,28.06,ON
2026-08-05 22:26:14,28.37,28.06,ON
2026-08-05 22:26:16,28.31,28.06,ON
2026-08-05 22:26:17,28.37,28.06,ON
2026-08-05 22:26:18,28.37,28.06,ON
2026-08-05 22:26:20,28.37,28.06,ON
2026-08-05 22:26:21,28.37,28.06,ON
2026-08-05 22:26:22,28.37,28.06,ON
2026-08-05 22:26:24,28.37,28.06,ON
2026-08-05 22:26:25,28.37,28.06,ON
2026-08-05 22:26:26,28.37,28.06,ON
2026-08-05 22:26:28,28.37,28.06,ON
2026-08-05 22:26:29,28.37,28.06,ON
2026-08-05 22:26:30,28.37,28.06,ON
2026-08-05 22:26:32,28.37,28.06,ON
2026-08-05 22:26:33,28.37,28.06,ON
2026-08-05 22:26:34,28.37,28.06,ON
2026-08-05 22:26:36,28.37,28.06,ON
2026-08-05 22:26:37,28.37,28.06,ON
2026-08-05 22:26:38,28.37,28.06,ON
2026-08-05 22:26:40,28.37,28.06,ON
2026-08-05 22:26:41,28.37,28.06,ON
2026-08-05 22:26:42,28.37,28.06,ON
2026-08-05 22:26:44,28.37,28.06,ON
2026-08-05 22:26:45,28.37,28.06,ON
2026-08-05 22:26:46,28.37,28.06,ON
2026-08-05 22:26:48,28.37,28.06,ON
2026-08-05 22:26:49,28.37,28.06,ON
2026-08-05 22:26:50,28.37,28.06,ON
2026-08-05 22:26:52,28.37,28.06,ON
2026-08-05 22:26:53,28.37,28.06,ON
2026-08-05 22:26:55,28.37,28.06,ON
2026-08-05 22:26:56,28.37,28.06,ON
2026-08-05 22:26:57,28.37,28.06,ON
2026-08-05 22:26:59,28.37,28.06,ON
2026-08-05 22:27:00,28.37,28.06,ON
2026-08-05 22:27:01,28.37,28.06,ON
2026-08-05 22:27:03,28.31,28.06,ON
2026-08-05 22:27:04,28.37,28.06,ON
2026-08-05 22:27:05,28.37,28.06,ON
2026-08-05 22:27:07,28.37,28.06,ON
2026-08-05 22:27:08,28.37,28.06,ON
2026-08-05 22:27:09,28.37,28.06,ON
2026-08-05 22:27:11,28.37,28.06,ON
2026-08-05 22:27:12,28.37,28.06,ON
2026-08-05 22:27:13,28.37,28.06,ON
2026-08-05 22:27:15,28.31,28.06,ON
2026-08-05 22:27:16,28.37,28.06,ON
2026-08-05 22:27:17,28.31,28.06,ON
2026-08-05 22:27:19,28.31,28.06,ON
2026-08-05 22:27:20,28.31,28.06,ON
2026-08-05 22:27:21,28.37,28.06,ON
2026-08-05 22:27:23,28.37,28.00,ON
2026-08-05 22:27:24,28.31,28.06,ON
2026-08-05 22:27:25,28.31,28.06,ON
2026-08-05 22:27:27,28.37,28.00,ON
2026-08-05 22:27:28,28.31,28.06,ON
2026-08-05 22:27:29,28.37,28.06,ON
2026-08-05 22:27:31,28.37,28.00,ON
2026-08-05 22:27:32,28.37,28.06,ON
2026-08-05 22:27:33,28.31,28.00,ON
2026-08-05 22:27:35,28.37,28.06,ON
2026-08-05 22:27:36,28.31,28.00,ON
2026-08-05 22:27:38,28.31,28.00,ON
2026-08-05 22:27:39,28.31,28.00,ON
2026-08-05 22:27:40,28.31,28.00,ON
2026-08-05 22:27:42,28.31,28.00,ON
2026-08-05 22:27:43,28.31,28.00,ON
2026-08-05 22:27:44,28.37,28.00,ON
2026-08-05 22:27:46,28.31,28.00,ON
2026-08-05 22:27:47,28.31,28.06,ON
2026-08-05 22:27:48,28.31,28.00,ON
2026-08-05 22:27:50,28.31,28.00,ON
2026-08-05 22:27:51,28.37,28.00,ON
2026-08-05 22:27:52,28.31,28.00,ON
2026-08-05 22:27:54,28.31,28.00,ON
2026-08-05 22:27:55,28.31,28.00,ON
2026-08-05 22:27:56,28.31,28.00,ON
2026-08-05 22:27:58,28.31,28.00,ON
2026-08-05 22:27:59,28.31,28.00,ON
2026-08-05 22:28:00,28.31,28.00,ON
2026-08-05 22:28:02,28.37,28.00,ON
2026-08-05 22:28:03,28.31,28.00,ON
2026-08-05 22:28:04,28.31,28.00,ON
2026-08-05 22:28:06,28.31,28.00,ON
2026-08-05 22:28:07,28.31,28.00,ON
2026-08-05 22:28:08,28.31,28.00,ON
2026-08-05 22:28:10,28.31,28.00,ON
2026-08-05 22:28:11,28.31,28.00,ON
2026-08-05 22:28:12,28.31,28.00,ON
2026-08-05 22:28:14,28.31,28.00,ON
2026-08-05 22:28:15,28.31,28.00,ON
2026-08-05 22:28:16,28.31,28.00,ON
2026-08-05 22:28:18,28.31,28.00,ON
2026-08-05 22:28:19,28.31,28.00,ON
2026-08-05 22:28:21,28.31,27.94,ON
2026-08-05 22:28:22,28.31,28.00,ON
2026-08-05 22:28:23,28.31,27.94,ON
2026-08-05 22:28:25,28.31,27.94,ON
2026-08-05 22:28:26,28.31,27.94,ON
2026-08-05 22:28:27,28.31,27.94,ON
2026-08-05 22:28:29,28.31,27.94,ON
2026-08-05 22:28:30,28.31,27.94,ON
2026-08-05 22:28:31,28.31,27.94,ON
2026-08-05 22:28:33,28.31,28.00,ON
2026-08-05 22:28:34,28.31,28.00,ON
2026-08-05 22:28:35,28.31,28.00,ON
2026-08-05 22:28:37,28.31,27.94,ON
2026-08-05 22:28:38,28.31,28.00,ON
2026-08-05 22:28:39,28.31,27.94,ON
2026-08-05 22:28:41,28.31,27.94,ON
2026-08-05 22:28:42,28.31,27.94,ON
2026-08-05 22:28:43,28.31,27.94,ON
2026-08-05 22:28:45,28.31,27.94,ON
2026-08-05 22:28:46,28.31,27.94,ON
2026-08-05 22:28:47,28.31,27.94,ON
2026-08-05 22:28:49,28.31,27.94,ON
2026-08-05 22:28:50,28.31,27.94,ON
2026-08-05 22:28:51,28.25,27.94,ON
2026-08-05 22:28:53,28.31,27.94,ON
2026-08-05 22:28:54,28.31,28.00,ON
2026-08-05 22:28:55,28.31,27.94,ON
2026-08-05 22:28:57,28.25,28.00,ON
2026-08-05 22:28:58,28.31,27.94,ON
2026-08-05 22:29:00,28.31,28.00,ON
2026-08-05 22:29:01,28.31,28.00,ON
2026-08-05 22:29:02,28.31,27.94,ON
2026-08-05 22:29:04,28.31,28.00,ON
2026-08-05 22:29:05,28.31,27.94,ON
2026-08-05 22:29:06,28.25,28.00,ON
2026-08-05 22:29:08,28.31,27.94,ON
2026-08-05 22:29:09,28.31,27.94,ON
2026-08-05 22:29:10,28.25,27.94,ON
2026-08-05 22:29:12,28.31,27.94,ON
2026-08-05 22:29:13,28.31,27.94,ON
2026-08-05 22:29:14,28.31,27.94,ON
2026-08-05 22:29:16,28.31,27.94,ON
2026-08-05 22:29:17,28.31,27.94,ON
2026-08-05 22:29:18,28.25,27.94,ON
2026-08-05 22:29:20,28.31,27.94,ON
2026-08-05 22:29:21,28.25,27.94,ON
2026-08-05 22:29:22,28.31,27.94,ON
2026-08-05 22:29:24,28.31,27.94,ON
2026-08-05 22:29:25,28.25,27.94,ON
2026-08-05 22:29:26,28.31,27.94,ON
2026-08-05 22:29:28,28.31,28.00,ON
2026-08-05 22:29:29,28.25,27.94,ON
2026-08-05 22:29:30,28.31,27.94,ON
2026-08-05 22:29:32,28.25,27.94,ON
2026-08-05 22:29:33,28.31,27.94,ON
2026-08-05 22:29:34,28.25,27.94,ON
2026-08-05 22:29:36,28.25,27.94,ON
2026-08-05 22:29:37,28.25,27.94,ON
2026-08-05 22:29:38,28.25,27.94,ON
2026-08-05 22:29:40,28.31,27.94,ON
2026-08-05 22:29:41,28.31,27.94,ON
2026-08-05 22:29:43,28.31,28.00,ON
2026-08-05 22:29:44,28.31,27.94,ON
2026-08-05 22:29:45,28.31,27.94,ON
2026-08-05 22:29:47,28.25,27.94,ON
2026-08-05 22:29:48,28.31,27.94,ON
2026-08-05 22:29:49,28.31,27.94,ON
2026-08-05 22:29:51,28.31,28.00,ON
2026-08-05 22:29:52,28.25,27.94,ON
2026-08-05 22:29:53,28.31,27.94,ON
2026-08-05 22:29:55,28.31,27.94,ON
2026-08-05 22:29:56,28.31,27.94,ON
2026-08-05 22:29:57,28.31,27.94,ON
2026-08-05 22:29:59,28.31,28.00,ON
2026-08-05 22:30:00,28.31,27.94,ON
2026-08-05 22:30:01,28.31,27.94,ON
2026-08-05 22:30:03,28.31,27.94,ON
2026-08-05 22:30:04,28.31,27.94,ON
2026-08-05 22:30:05,28.31,27.94,ON
2026-08-05 22:30:07,28.31,27.94,ON
2026-08-05 22:30:08,28.31,27.94,ON
2026-08-05 22:30:09,28.31,27.94,ON
2026-08-05 22:30:11,28.31,27.94,ON
2026-08-05 22:30:12,28.31,27.94,ON
2026-08-05 22:30:13,28.31,27.94,ON
2026-08-05 22:30:15,28.31,27.94,ON
2026-08-05 22:30:16,28.31,27.94,ON
2026-08-05 22:30:17,28.31,28.00,ON
2026-08-05 22:30:19,28.31,27.94,ON
2026-08-05 22:30:20,28.31,27.94,ON
2026-08-05 22:30:21,28.31,27.94,ON
2026-08-05 22:30:23,28.31,27.94,ON
2026-08-05 22:30:24,28.25,27.94,ON
2026-08-05 22:30:26,28.31,27.94,ON
2026-08-05 22:30:27,28.31,27.94,ON
2026-08-05 22:30:28,28.25,27.94,ON
2026-08-05 22:30:30,28.31,27.94,ON
2026-08-05 22:30:31,28.31,27.94,ON
2026-08-05 22:30:32,28.31,27.94,ON
2026-08-05 22:30:34,28.31,27.94,ON
2026-08-05 22:30:35,28.25,27.94,ON
2026-08-05 22:30:36,28.31,27.94,ON
2026-08-05 22:30:38,28.31,27.94,ON
2026-08-05 22:30:39,28.31,27.94,ON
2026-08-05 22:30:40,28.31,27.94,ON
2026-08-05 22:30:42,28.31,27.94,ON
2026-08-05 22:30:43,28.25,27.94,ON
2026-08-05 22:30:44,28.31,27.94,ON
2026-08-05 22:30:46,28.31,27.94,ON
2026-08-05 22:30:47,28.31,27.94,ON
2026-08-05 22:30:48,28.25,27.94,ON
2026-08-05 22:30:50,28.25,27.94,ON
2026-08-05 22:30:51,28.25,27.94,ON
2026-08-05 22:30:52,28.25,27.94,ON
2026-08-05 22:30:54,28.31,27.94,ON
2026-08-05 22:30:55,28.25,27.94,ON
2026-08-05 22:30:56,28.31,27.94,ON
2026-08-05 22:30:58,28.31,27.94,ON
2026-08-05 22:30:59,28.25,27.94,ON
2026-08-05 22:31:00,28.25,27.94,ON
2026-08-05 22:31:02,28.25,27.94,ON
2026-08-05 22:31:03,28.31,27.94,ON
2026-08-05 22:31:04,28.25,27.94,ON
2026-08-05 22:31:06,28.25,27.94,ON
2026-08-05 22:31:07,28.31,27.94,ON
2026-08-05 22:31:09,28.25,27.94,ON
2026-08-05 22:31:10,28.25,27.87,ON
2026-08-05 22:31:11,28.25,27.94,ON
2026-08-05 22:31:13,28.31,27.94,ON
2026-08-05 22:31:14,28.25,27.94,ON
2026-08-05 22:31:15,28.25,27.94,ON
2026-08-05 22:31:17,28.25,27.94,ON
2026-08-05 22:31:18,28.31,27.94,ON
2026-08-05 22:31:19,28.25,27.94,ON
2026-08-05 22:31:21,28.31,27.94,ON
2026-08-05 22:31:22,28.25,27.94,ON
2026-08-05 22:31:23,28.25,27.94,ON
2026-08-05 22:31:25,28.31,27.94,ON
2026-08-05 22:31:26,28.25,27.94,ON
2026-08-05 22:31:27,28.25,27.94,ON
2026-08-05 22:31:29,28.25,27.94,ON
2026-08-05 22:31:30,28.25,27.94,ON
2026-08-05 22:31:31,28.25,27.94,ON
2026-08-05 22:31:33,28.25,27.94,ON
2026-08-05 22:31:34,28.31,27.87,ON
2026-08-05 22:31:35,28.31,27.94,ON
2026-08-05 22:31:37,28.25,27.94,ON
2026-08-05 22:31:38,28.25,27.94,ON
2026-08-05 22:31:39,28.25,27.94,ON
2026-08-05 22:31:41,28.31,27.94,ON
2026-08-05 22:31:42,28.25,27.94,ON
2026-08-05 22:31:43,28.31,27.94,ON
2026-08-05 22:31:45,28.31,27.94,ON
2026-08-05 22:31:46,28.25,27.87,ON
2026-08-05 22:31:48,28.25,27.94,ON
2026-08-05 22:31:49,28.31,27.87,ON
2026-08-05 22:31:50,28.25,27.94,ON
2026-08-05 22:31:52,28.25,27.87,ON
2026-08-05 22:31:53,28.25,27.94,ON
2026-08-05 22:31:54,28.25,27.94,ON
2026-08-05 22:31:56,28.25,27.87,ON
2026-08-05 22:31:57,28.25,27.94,ON
2026-08-05 22:31:58,28.31,27.94,ON
2026-08-05 22:32:00,28.25,27.94,ON
2026-08-05 22:32:01,28.25,27.94,ON
2026-08-05 22:32:02,28.25,27.94,ON
2026-08-05 22:32:04,28.25,27.87,ON
2026-08-05 22:32:05,28.25,27.94,ON
2026-08-05 22:32:06,28.25,27.87,ON
2026-08-05 22:32:08,28.25,27.87,ON
2026-08-05 22:32:09,28.25,27.94,ON
2026-08-05 22:32:10,28.25,27.94,ON
2026-08-05 22:32:12,28.25,27.94,ON
2026-08-05 22:32:13,28.25,27.94,ON
2026-08-05 22:32:14,28.25,27.94,ON
2026-08-05 22:32:16,28.25,27.94,ON
2026-08-05 22:32:17,28.25,27.94,ON
2026-08-05 22:32:18,28.25,27.94,ON
2026-08-05 22:32:20,28.25,27.94,ON
2026-08-05 22:32:21,28.25,27.87,ON
2026-08-05 22:32:22,28.31,27.94,ON
2026-08-05 22:32:24,28.31,27.94,ON
2026-08-05 22:32:25,28.25,27.87,ON
2026-08-05 22:32:26,28.25,27.94,ON
2026-08-05 22:32:28,28.31,27.94,ON
2026-08-05 22:32:29,28.25,27.94,ON
2026-08-05 22:32:31,28.31,27.94,ON
2026-08-05 22:32:32,28.31,27.94,ON
2026-08-05 22:32:33,28.31,27.94,ON
2026-08-05 22:32:35,28.31,27.94,ON
2026-08-05 22:32:36,28.25,27.87,ON
2026-08-05 22:32:37,28.25,27.87,ON
2026-08-05 22:32:39,28.31,27.94,ON
2026-08-05 22:32:40,28.25,27.94,ON
2026-08-05 22:32:41,28.25,27.87,ON
2026-08-05 22:32:43,28.25,27.94,ON
2026-08-05 22:32:44,28.31,27.94,ON
2026-08-05 22:32:45,28.25,27.94,ON
2026-08-05 22:32:47,28.25,27.87,ON
2026-08-05 22:32:48,28.31,27.94,ON
2026-08-05 22:32:49,28.25,27.94,ON
2026-08-05 22:32:51,28.25,27.94,ON
2026-08-05 22:32:52,28.25,27.87,ON
2026-08-05 22:32:53,28.25,27.94,ON
2026-08-05 22:32:55,28.25,27.87,ON
2026-08-05 22:32:56,28.25,27.87,ON
2026-08-05 22:32:57,28.25,27.87,ON
2026-08-05 22:32:59,28.25,27.94,ON
2026-08-05 22:33:00,28.25,27.87,ON
2026-08-05 22:33:01,28.25,27.94,ON
2026-08-05 22:33:03,28.25,27.87,ON
2026-08-05 22:33:04,28.25,27.87,ON
2026-08-05 22:33:05,28.25,27.87,ON
2026-08-05 22:33:07,28.25,27.87,ON
2026-08-05 22:33:08,28.25,27.87,ON
2026-08-05 22:33:09,28.25,27.87,ON
2026-08-05 22:33:11,28.25,27.87,ON
2026-08-05 22:33:12,28.25,27.87,ON
2026-08-05 22:33:14,28.25,27.87,ON
2026-08-05 22:33:15,28.25,27.87,ON
2026-08-05 22:33:16,28.25,27.87,ON
2026-08-05 22:33:18,28.25,27.87,ON
2026-08-05 22:33:19,28.25,27.94,ON
2026-08-05 22:33:20,28.25,27.87,ON
2026-08-05 22:33:22,28.25,27.87,ON
2026-08-05 22:33:23,28.25,27.87,ON
2026-08-05 22:33:24,28.25,27.87,ON
2026-08-05 22:33:26,28.25,27.87,ON
2026-08-05 22:33:27,28.25,27.87,ON
2026-08-05 22:33:28,28.25,27.87,ON
2026-08-05 22:33:30,28.25,27.87,ON
2026-08-05 22:33:31,28.25,27.87,ON
2026-08-05 22:33:32,28.25,27.87,ON
2026-08-05 22:33:34,28.25,27.87,ON
2026-08-05 22:33:35,28.25,27.87,ON
2026-08-05 22:33:36,28.25,27.87,ON
2026-08-05 22:33:38,28.25,27.87,ON
2026-08-05 22:33:39,28.25,27.87,ON
2026-08-05 22:33:40,28.25,27.87,ON
2026-08-05 22:33:42,28.25,27.87,ON
2026-08-05 22:33:43,28.25,27.87,ON
2026-08-05 22:33:44,28.25,27.87,ON
2026-08-05 22:33:46,28.25,27.87,ON
2026-08-05 22:33:47,28.25,27.87,ON
2026-08-05 22:33:48,28.25,27.87,ON
2026-08-05 22:33:50,28.25,27.87,ON
2026-08-05 22:33:51,28.25,27.81,ON
2026-08-05 22:33:53,28.25,27.87,ON
2026-08-05 22:33:54,28.19,27.87,ON
2026-08-05 22:33:55,28.25,27.87,ON
2026-08-05 22:33:57,28.25,27.81,ON
2026-08-05 22:33:58,28.25,27.87,ON
2026-08-05 22:33:59,28.25,27.87,ON
2026-08-05 22:34:01,28.25,27.87,ON
2026-08-05 22:34:02,28.25,27.81,ON
2026-08-05 22:34:03,28.25,27.87,ON
2026-08-05 22:34:05,28.25,27.87,ON
2026-08-05 22:34:06,28.25,27.87,ON
2026-08-05 22:34:07,28.25,27.87,ON
2026-08-05 22:34:09,28.25,27.87,ON
2026-08-05 22:34:10,28.25,27.87,ON
2026-08-05 22:34:11,28.25,27.87,ON
2026-08-05 22:34:13,28.25,27.81,ON
2026-08-05 22:34:14,28.25,27.87,ON
2026-08-05 22:34:15,28.25,27.87,ON
2026-08-05 22:34:17,28.25,27.81,ON
2026-08-05 22:34:18,28.25,27.81,ON
2026-08-05 22:34:19,28.25,27.81,ON
2026-08-05 22:34:21,28.19,27.81,ON
2026-08-05 22:34:22,28.19,27.87,ON
2026-08-05 22:34:23,28.25,27.81,ON
2026-08-05 22:34:25,28.25,27.81,ON
2026-08-05 22:34:26,28.25,27.81,ON
2026-08-05 22:34:27,28.19,27.87,ON
2026-08-05 22:34:29,28.19,27.81,ON
2026-08-05 22:34:30,28.25,27.81,ON
2026-08-05 22:34:31,28.25,27.81,ON
2026-08-05 22:34:33,28.19,27.81,ON
2026-08-05 22:34:34,28.25,27.81,ON
2026-08-05 22:34:36,28.25,27.81,ON
2026-08-05 22:34:37,28.19,27.81,ON
2026-08-05 22:34:38,28.19,27.81,ON
2026-08-05 22:34:40,28.25,27.81,ON
2026-08-05 22:34:41,28.19,27.81,ON
2026-08-05 22:34:42,28.25,27.81,ON
2026-08-05 22:34:44,28.19,27.81,ON
2026-08-05 22:34:45,28.19,27.81,ON
2026-08-05 22:34:46,28.19,27.81,ON
2026-08-05 22:34:48,28.19,27.81,ON
2026-08-05 22:34:49,28.19,27.81,ON
2026-08-05 22:34:50,28.19,27.87,ON
2026-08-05 22:34:52,28.25,27.81,ON
2026-08-05 22:34:53,28.19,27.87,ON
2026-08-05 22:34:54,28.19,27.81,ON
2026-08-05 22:34:56,28.19,27.81,ON
2026-08-05 22:34:57,28.25,27.81,ON
2026-08-05 22:34:58,28.19,27.81,ON
2026-08-05 22:35:00,28.19,27.81,ON
2026-08-05 22:35:01,28.19,27.81,ON
2026-08-05 22:35:02,28.19,27.81,ON
2026-08-05 22:35:04,28.19,27.81,ON
2026-08-05 22:35:05,28.19,27.81,ON
2026-08-05 22:35:06,28.19,27.87,ON
2026-08-05 22:35:08,28.25,27.81,ON
2026-08-05 22:35:09,28.19,27.81,ON
2026-08-05 22:35:10,28.19,27.81,ON
2026-08-05 22:35:12,28.19,27.81,ON
2026-08-05 22:35:13,28.19,27.87,ON
2026-08-05 22:35:14,28.19,27.81,ON
2026-08-05 22:35:16,28.19,27.81,ON
2026-08-05 22:35:17,28.19,27.81,ON
2026-08-05 22:35:19,28.19,27.81,ON
2026-08-05 22:35:20,28.19,27.81,ON
2026-08-05 22:35:21,28.19,27.81,ON
2026-08-05 22:35:23,28.19,27.81,ON
2026-08-05 22:35:24,28.19,27.87,ON
2026-08-05 22:35:25,28.19,27.87,ON
2026-08-05 22:35:27,28.19,27.81,ON
2026-08-05 22:35:28,28.19,27.81,ON
2026-08-05 22:35:29,28.25,27.81,ON
2026-08-05 22:35:31,28.25,27.81,ON
2026-08-05 22:35:32,28.19,27.81,ON
2026-08-05 22:35:33,28.19,27.81,ON
2026-08-05 22:35:35,28.19,27.81,ON
2026-08-05 22:35:36,28.19,27.81,ON
2026-08-05 22:35:37,28.19,27.81,ON
2026-08-05 22:35:39,28.19,27.81,ON
2026-08-05 22:35:40,28.19,27.81,ON
2026-08-05 22:35:41,28.19,27.81,ON
2026-08-05 22:35:43,28.19,27.81,ON
2026-08-05 22:35:44,28.19,27.81,ON
2026-08-05 22:35:45,28.19,27.81,ON
2026-08-05 22:35:47,28.19,27.81,ON
2026-08-05 22:35:48,28.19,27.81,ON
2026-08-05 22:35:49,28.19,27.81,ON
2026-08-05 22:35:51,28.19,27.81,ON
2026-08-05 22:35:52,28.19,27.81,ON
2026-08-05 22:35:53,28.19,27.81,ON
2026-08-05 22:35:55,28.19,27.81,ON
2026-08-05 22:35:56,28.19,27.81,ON
2026-08-05 22:35:58,28.19,27.81,ON
2026-08-05 22:35:59,28.19,27.81,ON
2026-08-05 22:36:00,28.19,27.81,ON
2026-08-05 22:36:02,28.19,27.81,ON
2026-08-05 22:36:03,28.19,27.81,ON
2026-08-05 22:36:04,28.19,27.75,ON
2026-08-05 22:36:06,28.19,27.81,ON
2026-08-05 22:36:07,28.19,27.81,ON
2026-08-05 22:36:08,28.19,27.81,ON
2026-08-05 22:36:10,28.19,27.87,ON
2026-08-05 22:36:11,28.19,27.75,ON
2026-08-05 22:36:12,28.19,27.81,ON
2026-08-05 22:36:14,28.19,27.75,ON
2026-08-05 22:36:15,28.19,27.81,ON
2026-08-05 22:36:16,28.19,27.81,ON
2026-08-05 22:36:18,28.19,27.75,ON
2026-08-05 22:36:19,28.19,27.81,ON
2026-08-05 22:36:20,28.19,27.81,ON
2026-08-05 22:36:22,28.19,27.81,ON
2026-08-05 22:36:23,28.19,27.81,ON
2026-08-05 22:36:24,28.19,27.81,ON
2026-08-05 22:36:26,28.19,27.81,ON
2026-08-05 22:36:27,28.19,27.81,ON
2026-08-05 22:36:28,28.19,27.81,ON
2026-08-05 22:36:30,28.19,27.81,ON
2026-08-05 22:36:31,28.19,27.81,ON
2026-08-05 22:36:32,28.19,27.81,ON
2026-08-05 22:36:34,28.19,27.75,ON
2026-08-05 22:36:35,28.19,27.81,ON
2026-08-05 22:36:36,28.19,27.81,ON
2026-08-05 22:36:38,28.19,27.81,ON
2026-08-05 22:36:39,28.19,27.81,ON
2026-08-05 22:36:41,28.19,27.81,ON
2026-08-05 22:36:42,28.19,27.81,ON
2026-08-05 22:36:43,28.19,27.81,ON
2026-08-05 22:36:45,28.19,27.75,ON
2026-08-05 22:36:46,28.19,27.81,ON
2026-08-05 22:36:47,28.19,27.81,ON
2026-08-05 22:36:49,28.19,27.81,ON
2026-08-05 22:36:50,28.19,27.81,ON
2026-08-05 22:36:51,28.19,27.75,ON
2026-08-05 22:36:53,28.19,27.75,ON
2026-08-05 22:36:54,28.19,27.81,ON
2026-08-05 22:36:55,28.19,27.81,ON
2026-08-05 22:36:57,28.19,27.81,ON
2026-08-05 22:36:58,28.19,27.75,ON
2026-08-05 22:36:59,28.19,27.81,ON
2026-08-05 22:37:01,28.12,27.75,ON
2026-08-05 22:37:02,28.19,27.75,ON
2026-08-05 22:37:03,28.19,27.81,ON
2026-08-05 22:37:05,28.19,27.75,ON
2026-08-05 22:37:06,28.19,27.75,ON
2026-08-05 22:37:07,28.12,27.75,ON
2026-08-05 22:37:09,28.19,27.81,ON
2026-08-05 22:37:10,28.19,27.81,ON
2026-08-05 22:37:11,28.19,27.81,ON
2026-08-05 22:37:13,28.19,27.81,ON
2026-08-05 22:37:14,28.19,27.75,ON
2026-08-05 22:37:15,28.19,27.75,ON
2026-08-05 22:37:17,28.19,27.75,ON
2026-08-05 22:37:18,28.19,27.81,ON
2026-08-05 22:37:19,28.19,27.75,ON
2026-08-05 22:37:21,28.19,27.75,ON
2026-08-05 22:37:22,28.19,27.75,ON
2026-08-05 22:37:24,28.19,27.75,ON
2026-08-05 22:37:25,28.19,27.75,ON
2026-08-05 22:37:26,28.19,27.75,ON
2026-08-05 22:37:28,28.19,27.75,ON
2026-08-05 22:37:29,28.19,27.75,ON
2026-08-05 22:37:30,28.19,27.81,ON
2026-08-05 22:37:32,28.19,27.75,ON
2026-08-05 22:37:33,28.19,27.81,ON
2026-08-05 22:37:34,28.19,27.81,ON
2026-08-05 22:37:36,28.19,27.75,ON
2026-08-05 22:37:37,28.19,27.81,ON
2026-08-05 22:37:38,28.19,27.81,ON
2026-08-05 22:37:40,28.19,27.75,ON
2026-08-05 22:37:41,28.19,27.81,ON
2026-08-05 22:37:42,28.19,27.75,ON
2026-08-05 22:37:44,28.19,27.81,ON
2026-08-05 22:37:45,28.19,27.81,ON
2026-08-05 22:37:46,28.19,27.75,ON
2026-08-05 22:37:48,28.19,27.75,ON
2026-08-05 22:37:49,28.19,27.81,ON
2026-08-05 22:37:50,28.19,27.81,ON
2026-08-05 22:37:52,28.19,27.81,ON
2026-08-05 22:37:53,28.19,27.75,ON
2026-08-05 22:37:54,28.19,27.81,ON
2026-08-05 22:37:56,28.19,27.75,ON
2026-08-05 22:37:57,28.19,27.75,ON
2026-08-05 22:37:58,28.19,27.81,ON
2026-08-05 22:38:00,28.19,27.81,ON
2026-08-05 22:38:01,28.12,27.75,ON
2026-08-05 22:38:03,28.19,27.75,ON
2026-08-05 22:38:04,28.19,27.81,ON
2026-08-05 22:38:05,28.19,27.75,ON
2026-08-05 22:38:07,28.19,27.75,ON
2026-08-05 22:38:08,28.12,27.75,ON
2026-08-05 22:38:09,28.19,27.75,ON
2026-08-05 22:38:11,28.12,27.81,ON
2026-08-05 22:38:12,28.19,27.75,ON
2026-08-05 22:38:13,28.19,27.75,ON
2026-08-05 22:38:15,28.19,27.81,ON
2026-08-05 22:38:16,28.19,27.75,ON
2026-08-05 22:38:17,28.19,27.81,ON
2026-08-05 22:38:19,28.19,27.75,ON
2026-08-05 22:38:20,28.19,27.75,ON
2026-08-05 22:38:21,28.19,27.75,ON
2026-08-05 22:38:23,28.19,27.75,ON
2026-08-05 22:38:24,28.19,27.75,ON
2026-08-05 22:38:25,28.19,27.81,ON
2026-08-05 22:38:27,28.19,27.81,ON
2026-08-05 22:38:28,28.19,27.81,ON
2026-08-05 22:38:29,28.19,27.75,ON
2026-08-05 22:38:31,28.12,27.81,ON
2026-08-05 22:38:32,28.19,27.75,ON
2026-08-05 22:38:33,28.19,27.75,ON
2026-08-05 22:38:35,28.19,27.75,ON
2026-08-05 22:38:36,28.19,27.75,ON
2026-08-05 22:38:37,28.12,27.75,ON
2026-08-05 22:38:39,28.19,27.75,ON
2026-08-05 22:38:40,28.19,27.81,ON
2026-08-05 22:38:41,28.12,27.75,ON
2026-08-05 22:38:43,28.12,27.75,ON
2026-08-05 22:38:44,28.12,27.75,ON
2026-08-05 22:38:46,28.12,27.75,ON
2026-08-05 22:38:47,28.19,27.75,ON
2026-08-05 22:38:48,28.12,27.75,ON
2026-08-05 22:38:50,28.19,27.75,ON
2026-08-05 22:38:51,28.19,27.75,ON
2026-08-05 22:38:52,28.12,27.75,ON
2026-08-05 22:38:54,28.19,27.75,ON
2026-08-05 22:38:55,28.12,27.75,ON
2026-08-05 22:38:56,28.19,27.81,ON
2026-08-05 22:38:58,28.12,27.75,ON
2026-08-05 22:38:59,28.12,27.75,ON
2026-08-05 22:39:00,28.12,27.75,ON
2026-08-05 22:39:02,28.12,27.75,ON
2026-08-05 22:39:03,28.12,27.75,ON
2026-08-05 22:39:04,28.12,27.75,ON
2026-08-05 22:39:06,28.19,27.75,ON
2026-08-05 22:39:07,28.12,27.75,ON
2026-08-05 22:39:08,28.12,27.75,ON
2026-08-05 22:39:10,28.19,27.75,ON
2026-08-05 22:39:11,28.19,27.75,ON
2026-08-05 22:39:12,28.19,27.75,ON
2026-08-05 22:39:14,28.12,27.75,ON
2026-08-05 22:39:15,28.12,27.75,ON
2026-08-05 22:39:16,28.19,27.75,ON
2026-08-05 22:39:18,28.12,27.75,ON
2026-08-05 22:39:19,28.12,27.75,ON
2026-08-05 22:39:20,28.19,27.75,ON
2026-08-05 22:39:22,28.19,27.75,ON
2026-08-05 22:39:23,28.12,27.75,ON
2026-08-05 22:39:24,28.19,27.75,ON
2026-08-05 22:39:26,28.12,27.75,ON
2026-08-05 22:39:27,28.12,27.75,ON
2026-08-05 22:39:29,28.12,27.75,ON
2026-08-05 22:39:30,28.12,27.75,ON
2026-08-05 22:39:31,28.12,27.75,ON
2026-08-05 22:39:33,28.12,27.75,ON
2026-08-05 22:39:34,28.12,27.75,ON
2026-08-05 22:39:35,28.12,27.75,ON
2026-08-05 22:39:37,28.19,27.75,ON
2026-08-05 22:39:38,28.12,27.75,ON
2026-08-05 22:39:39,28.12,27.75,ON
2026-08-05 22:39:41,28.12,27.75,ON
2026-08-05 22:39:42,28.12,27.75,ON
2026-08-05 22:39:43,28.12,27.75,ON
2026-08-05 22:39:45,28.12,27.75,ON
2026-08-05 22:39:46,28.19,27.75,ON
2026-08-05 22:39:47,28.12,27.75,ON
2026-08-05 22:39:49,28.19,27.75,ON
2026-08-05 22:39:50,28.19,27.75,ON
2026-08-05 22:39:51,28.12,27.75,ON
2026-08-05 22:39:53,28.12,27.75,ON
2026-08-05 22:39:54,28.12,27.75,ON
2026-08-05 22:39:55,28.12,27.75,ON
2026-08-05 22:39:57,28.12,27.75,ON
2026-08-05 22:39:58,28.12,27.69,ON
2026-08-05 22:39:59,28.12,27.75,ON
2026-08-05 22:40:01,28.12,27.69,ON
2026-08-05 22:40:02,28.12,27.75,ON
2026-08-05 22:40:03,28.12,27.69,ON
2026-08-05 22:40:05,28.12,27.75,ON
2026-08-05 22:40:06,28.12,27.69,ON
2026-08-05 22:40:08,28.12,27.75,ON
2026-08-05 22:40:09,28.12,27.69,ON
2026-08-05 22:40:10,28.12,27.75,ON
2026-08-05 22:40:12,28.12,27.69,ON
2026-08-05 22:40:13,28.06,27.69,ON
2026-08-05 22:40:14,28.12,27.69,ON
2026-08-05 22:40:16,28.12,27.69,ON
2026-08-05 22:40:17,28.12,27.69,ON
2026-08-05 22:40:18,28.12,27.69,ON
2026-08-05 22:40:20,28.06,27.69,ON
2026-08-05 22:40:21,28.12,27.69,ON
2026-08-05 22:40:22,28.12,27.69,ON
2026-08-05 22:40:24,28.12,27.69,ON
2026-08-05 22:40:25,28.06,27.69,ON
2026-08-05 22:40:26,28.12,27.69,ON
2026-08-05 22:40:28,28.12,27.69,ON
2026-08-05 22:40:29,28.12,27.69,ON
2026-08-05 22:40:30,28.12,27.69,ON
2026-08-05 22:40:32,28.12,27.69,ON
2026-08-05 22:40:33,28.12,27.69,ON
2026-08-05 22:40:34,28.12,27.69,ON
2026-08-05 22:40:36,28.06,27.75,ON
2026-08-05 22:40:37,28.12,27.69,ON
2026-08-05 22:40:38,28.12,27.69,ON
2026-08-05 22:40:40,28.12,27.69,ON
2026-08-05 22:40:41,28.06,27.69,ON
2026-08-05 22:40:42,28.06,27.69,ON
2026-08-05 22:40:44,28.12,27.69,ON
2026-08-05 22:40:45,28.06,27.69,ON
2026-08-05 22:40:46,28.06,27.69,ON
2026-08-05 22:40:48,28.12,27.69,ON
2026-08-05 22:40:49,28.12,27.69,ON
2026-08-05 22:40:51,28.06,27.69,ON
2026-08-05 22:40:52,28.06,27.69,ON
2026-08-05 22:40:53,28.12,27.69,ON
2026-08-05 22:40:55,28.06,27.69,ON
2026-08-05 22:40:56,28.12,27.69,ON
2026-08-05 22:40:57,28.12,27.69,ON
2026-08-05 22:40:59,28.06,27.69,ON
2026-08-05 22:41:00,28.12,27.69,ON
2026-08-05 22:41:01,28.06,27.69,ON
2026-08-05 22:41:03,28.06,27.69,ON
2026-08-05 22:41:04,28.06,27.69,ON
2026-08-05 22:41:05,28.06,27.69,ON
2026-08-05 22:41:07,28.12,27.69,ON
2026-08-05 22:41:08,28.06,27.69,ON
2026-08-05 22:41:09,28.12,27.75,ON
2026-08-05 22:41:11,28.12,27.69,ON
2026-08-05 22:41:12,28.06,27.69,ON
2026-08-05 22:41:13,28.12,27.69,ON
2026-08-05 22:41:15,28.12,27.69,ON
2026-08-05 22:41:16,28.12,27.69,ON
2026-08-05 22:41:17,28.12,27.69,ON
2026-08-05 22:41:19,28.12,27.69,ON
2026-08-05 22:41:20,28.06,27.69,ON
2026-08-05 22:41:21,28.12,27.69,ON
2026-08-05 22:41:23,28.06,27.69,ON
2026-08-05 22:45:34,28.12,27.69,ON
2026-08-05 22:45:34,28.06,27.69,ON
2026-08-05 22:45:35,28.06,27.69,ON
2026-08-05 22:45:35,28.12,27.69,ON
2026-08-05 22:45:35,28.12,27.69,ON
2026-08-05 22:45:35,28.06,27.69,ON
2026-08-05 22:45:35,28.12,27.69,ON
2026-08-05 22:45:35,28.12,27.69,ON
2026-08-05 22:45:35,28.12,27.69,ON
2026-08-05 22:45:35,28.06,27.69,ON
2026-08-05 22:45:35,28.12,27.69,ON
2026-08-05 22:45:35,28.06,27.69,ON
2026-08-05 22:45:35,28.12,27.69,ON
2026-08-05 22:45:35,28.12,27.69,ON
2026-08-05 22:45:35,28.12,27.69,ON
2026-08-05 22:45:35,28.06,27.69,ON
2026-08-05 22:45:35,28.12,27.69,ON
2026-08-05 22:45:35,28.12,27.69,ON
2026-08-05 22:45:35,28.12,27.69,ON
2026-08-05 22:45:35,28.12,27.69,ON
2026-08-05 22:45:35,28.06,27.69,ON
2026-08-05 22:45:35,28.06,27.69,ON
2026-08-05 22:45:35,28.12,27.69,ON
2026-08-05 22:45:35,28.12,27.69,ON
2026-08-05 22:45:35,28.12,27.69,ON
2026-08-05 22:45:35,28.12,27.69,ON
2026-08-05 22:45:35,28.12,27.69,ON
2026-08-05 22:45:35,28.12,27.69,ON
2026-08-05 22:45:35,28.12,27.69,ON
2026-08-05 22:45:35,28.06,27.69,ON
2026-08-05 22:45:35,28.12,27.69,ON
2026-08-05 22:45:35,28.12,27.69,ON
2026-08-05 22:45:35,28.06,27.69,ON
2026-08-05 22:45:35,28.12,27.69,ON
2026-08-05 22:45:35,28.12,27.69,ON
2026-08-05 22:45:35,28.12,27.69,ON
2026-08-05 22:45:35,28.12,27.69,ON
2026-08-05 22:45:35,28.06,27.69,ON
2026-08-05 22:45:35,28.12,27.69,ON
2026-08-05 22:45:35,28.06,27.69,ON
2026-08-05 22:45:35,28.06,27.69,ON
2026-08-05 22:45:35,28.06,27.69,ON
2026-08-05 22:45:35,28.06,27.75,ON
2026-08-05 22:45:35,28.12,27.69,ON
2026-08-05 22:45:35,28.06,27.69,ON
2026-08-05 22:45:35,28.12,27.69,ON
2026-08-05 22:45:35,28.06,27.69,ON
2026-08-05 22:45:35,28.12,27.69,ON
2026-08-05 22:45:35,28.06,27.69,ON
2026-08-05 22:45:35,28.06,27.69,ON
2026-08-05 22:45:35,28.12,27.69,ON
2026-08-05 22:45:35,28.06,27.69,ON
2026-08-05 22:45:35,28.12,27.69,ON
2026-08-05 22:45:35,28.06,27.69,ON
2026-08-05 22:45:35,28.06,27.75,ON
2026-08-05 22:45:35,28.06,27.69,ON
2026-08-05 22:45:35,28.12,27.69,ON
2026-08-05 22:45:35,28.06,27.69,ON
2026-08-05 22:45:35,28.12,27.69,ON
2026-08-05 22:45:35,28.06,27.69,ON
2026-08-05 22:45:35,28.12,27.69,ON
2026-08-05 22:45:35,28.06,27.69,ON
2026-08-05 22:45:35,28.06,27.69,ON
2026-08-05 22:45:35,28.06,27.69,ON
2026-08-05 22:45:35,28.12,27.69,ON
2026-08-05 22:45:35,28.12,27.69,ON
2026-08-05 22:45:35,28.12,27.69,ON
2026-08-05 22:45:35,28.12,27.69,ON
2026-08-05 22:45:35,28.12,27.69,ON
2026-08-05 22:45:35,28.06,27.69,ON
2026-08-05 22:45:35,28.06,27.69,ON
2026-08-05 22:45:35,28.06,27.69,ON
2026-08-05 22:45:35,28.06,27.69,ON
2026-08-05 22:45:35,28.06,27.69,ON
2026-08-05 22:45:35,28.06,27.69,ON
2026-08-05 22:45:35,28.12,27.69,ON
2026-08-05 22:45:35,28.12,27.69,ON
2026-08-05 22:45:35,28.06,27.69,ON
2026-08-05 22:45:35,28.06,27.69,ON
2026-08-05 22:45:35,28.12,27.69,ON
2026-08-05 22:45:35,28.06,27.69,ON
2026-08-05 22:45:35,28.06,27.69,ON
2026-08-05 22:45:35,28.12,27.69,ON
2026-08-05 22:45:35,28.12,27.69,ON
2026-08-05 22:45:35,28.12,27.69,ON
2026-08-05 22:45:35,28.12,27.69,ON
2026-08-05 22:45:35,28.12,27.69,ON
2026-08-05 22:45:35,28.12,27.69,ON
2026-08-05 22:45:35,28.06,27.69,ON
2026-08-05 22:45:35,28.12,27.69,ON
2026-08-05 22:45:35,28.06,27.69,ON
2026-08-05 22:45:35,28.06,27.69,ON
2026-08-05 22:45:35,28.12,27.69,ON
2026-08-05 22:45:35,28.06,27.69,ON
2026-08-05 22:45:35,28.06,27.69,ON
2026-08-05 22:45:35,28.12,27.69,ON
2026-08-05 22:45:35,28.12,27.69,ON
2026-08-05 22:45:35,28.06,27.69,ON
2026-08-05 22:45:35,28.12,27.69,ON
2026-08-05 22:45:35,28.06,27.69,ON
2026-08-05 22:45:35,28.06,27.69,ON
2026-08-05 22:45:35,28.06,27.69,ON
2026-08-05 22:45:35,28.06,27.69,ON
2026-08-05 22:45:35,28.06,27.69,ON
2026-08-05 22:45:35,28.06,27.69,ON
2026-08-05 22:45:35,28.06,27.69,ON
2026-08-05 22:45:35,28.06,27.69,ON
2026-08-05 22:45:35,28.06,27.69,ON
2026-08-05 22:45:35,28.06,27.69,ON
2026-08-05 22:45:35,28.06,27.69,ON
2026-08-05 22:45:35,28.06,27.69,ON
2026-08-05 22:45:35,28.06,27.69,ON
2026-08-05 22:45:35,28.06,27.69,ON
2026-08-05 22:45:35,28.06,27.69,ON
2026-08-05 22:45:35,28.06,27.69,ON
2026-08-05 22:45:35,28.06,27.69,ON
2026-08-05 22:45:35,28.12,27.69,ON
2026-08-05 22:45:35,28.06,27.69,ON
2026-08-05 22:45:35,28.06,27.62,ON
2026-08-05 22:45:35,28.06,27.69,ON
2026-08-05 22:45:35,28.06,27.69,ON
2026-08-05 22:45:35,28.06,27.69,ON
2026-08-05 22:45:35,28.06,27.62,ON
2026-08-05 22:45:35,28.06,27.69,ON
2026-08-05 22:45:35,28.06,27.69,ON
2026-08-05 22:45:35,28.06,27.69,ON
2026-08-05 22:45:35,28.06,27.69,ON
2026-08-05 22:45:35,28.06,27.69,ON
2026-08-05 22:45:35,28.06,27.62,ON
2026-08-05 22:45:35,28.06,27.69,ON
2026-08-05 22:45:35,28.06,27.62,ON
2026-08-05 22:45:35,28.06,27.62,ON
2026-08-05 22:45:35,28.06,27.62,ON
2026-08-05 22:45:35,28.06,27.62,ON
2026-08-05 22:45:35,28.06,27.62,ON
2026-08-05 22:45:35,28.06,27.62,ON
2026-08-05 22:45:35,28.06,27.62,ON
2026-08-05 22:45:35,28.06,27.62,ON
2026-08-05 22:45:35,28.06,27.62,ON
2026-08-05 22:45:35,28.06,27.69,ON
2026-08-05 22:45:35,28.06,27.62,ON
2026-08-05 22:45:36,28.06,27.62,ON
2026-08-05 22:45:36,28.06,27.62,ON
2026-08-05 22:45:36,28.06,27.62,ON
2026-08-05 22:45:36,28.06,27.62,ON
2026-08-05 22:45:36,28.06,27.62,ON
2026-08-05 22:45:36,28.06,27.69,ON
2026-08-05 22:45:36,28.06,27.62,ON
2026-08-05 22:45:36,28.06,27.62,ON
2026-08-05 22:45:36,28.06,27.62,ON
2026-08-05 22:45:36,28.06,27.62,ON
2026-08-05 22:45:36,28.06,27.62,ON
2026-08-05 22:45:36,28.06,27.69,ON
2026-08-05 22:45:36,28.06,27.62,ON
2026-08-05 22:45:36,28.06,27.62,ON
2026-08-05 22:45:36,28.06,27.62,ON
2026-08-05 22:45:36,28.06,27.62,ON
2026-08-05 22:45:36,28.06,27.62,ON
2026-08-05 22:45:36,28.06,27.62,ON
2026-08-05 22:45:36,28.06,27.62,ON
2026-08-05 22:45:36,28.06,27.62,ON
2026-08-05 22:45:36,28.06,27.62,ON
2026-08-05 22:45:36,28.06,27.62,ON
2026-08-05 22:45:36,28.06,27.62,ON
2026-08-05 22:45:36,28.06,27.62,ON
2026-08-05 22:45:36,28.06,27.62,ON
2026-08-05 22:45:36,28.06,27.62,ON
2026-08-05 22:45:36,28.06,27.62,ON
2026-08-05 22:45:36,28.06,27.62,ON
2026-08-05 22:45:36,28.06,27.62,ON
2026-08-05 22:45:36,28.06,27.62,ON
2026-08-05 22:45:36,28.06,27.62,ON
2026-08-05 22:45:36,28.06,27.62,ON
2026-08-05 22:45:36,28.06,27.62,ON
2026-08-05 22:45:36,28.06,27.62,ON
2026-08-05 22:45:36,28.06,27.62,ON
2026-08-05 22:45:36,28.06,27.62,ON
2026-08-05 22:45:36,28.06,27.62,ON
2026-08-05 22:45:36,28.06,27.62,ON
2026-08-05 22:45:36,28.00,27.62,ON
2026-08-05 22:45:36,28.06,27.62,ON
2026-08-05 22:45:36,28.06,27.62,ON
2026-08-05 22:45:36,28.06,27.69,ON
2026-08-05 22:45:36,28.06,27.62,ON
2026-08-05 22:45:36,28.06,27.62,ON
2026-08-05 22:45:36,28.06,27.62,ON
2026-08-05 22:45:36,28.06,27.62,ON
2026-08-05 22:45:36,28.06,27.62,ON
2026-08-05 22:45:37,28.06,27.62,ON
2026-08-05 22:45:38,28.06,27.62,ON
2026-08-05 22:45:40,28.00,27.62,ON
2026-08-05 22:45:41,28.06,27.62,ON
2026-08-05 22:45:42,28.06,27.62,ON
2026-08-05 22:45:44,28.06,27.62,ON
2026-08-05 22:45:45,28.06,27.69,ON
2026-08-05 22:45:46,28.00,27.62,ON
2026-08-05 22:45:48,28.06,27.62,ON
2026-08-05 22:45:49,28.06,27.62,ON
2026-08-05 22:45:50,28.00,27.62,ON
2026-08-05 22:45:52,28.00,27.62,ON
2026-08-05 22:45:53,28.06,27.62,ON
2026-08-05 22:45:54,28.06,27.62,ON
2026-08-05 22:45:56,28.06,27.62,ON
2026-08-05 22:45:57,28.06,27.62,ON
2026-08-05 22:45:58,28.06,27.62,ON
2026-08-05 22:46:00,28.06,27.62,ON
2026-08-05 22:46:01,28.06,27.62,ON
2026-08-05 22:46:02,28.06,27.69,ON
2026-08-05 22:46:04,28.06,27.62,ON
2026-08-05 22:46:05,28.06,27.62,ON
2026-08-05 22:46:06,28.06,27.62,ON
2026-08-05 22:46:08,28.06,27.62,ON
2026-08-05 22:46:09,28.06,27.62,ON
2026-08-05 22:46:10,28.06,27.69,ON
2026-08-05 22:46:12,28.06,27.62,ON
2026-08-05 22:46:13,28.06,27.62,ON
2026-08-05 22:46:14,28.06,27.62,ON
2026-08-05 22:46:16,28.06,27.62,ON
2026-08-05 22:46:17,28.06,27.62,ON
2026-08-05 22:46:18,28.06,27.69,ON
2026-08-05 22:46:20,28.06,27.62,ON
2026-08-05 22:46:21,28.06,27.62,ON
2026-08-05 22:46:23,28.06,27.69,ON
2026-08-05 22:46:24,28.06,27.69,ON
2026-08-05 22:46:25,28.06,27.69,ON
2026-08-05 22:46:27,28.06,27.69,ON
2026-08-05 22:46:28,28.06,27.62,ON
2026-08-05 22:46:29,28.06,27.62,ON
2026-08-05 22:46:31,28.06,27.62,ON
2026-08-05 22:46:32,28.06,27.69,ON
2026-08-05 22:46:33,28.06,27.69,ON
2026-08-05 22:46:35,28.06,27.69,ON
2026-08-05 22:46:36,28.06,27.69,ON
2026-08-05 22:46:37,28.06,27.69,ON
2026-08-05 22:46:39,28.06,27.62,ON
2026-08-05 22:46:40,28.06,27.69,ON
2026-08-05 22:46:41,28.06,27.62,ON
2026-08-05 22:46:43,28.06,27.69,ON
2026-08-05 22:46:44,28.06,27.69,ON
2026-08-05 22:46:45,28.06,27.69,ON
2026-08-05 22:46:47,28.06,27.62,ON
2026-08-05 22:46:48,28.06,27.69,ON
2026-08-05 22:46:49,28.06,27.69,ON
2026-08-05 22:46:51,28.06,27.69,ON
2026-08-05 22:46:52,28.06,27.69,ON
2026-08-05 22:46:53,28.06,27.69,ON
2026-08-05 22:46:55,28.06,27.62,ON
2026-08-05 22:46:56,28.06,27.69,ON
2026-08-05 22:46:57,28.06,27.69,ON
2026-08-05 22:46:59,28.06,27.69,ON
2026-08-05 22:47:00,28.06,27.69,ON
2026-08-05 22:47:02,28.06,27.69,ON
2026-08-05 22:47:03,28.06,27.69,ON
2026-08-05 22:47:04,28.06,27.69,ON
2026-08-05 22:47:06,28.06,27.69,ON
2026-08-05 22:47:07,28.06,27.69,ON
2026-08-05 22:47:08,28.06,27.69,ON
2026-08-05 22:47:10,28.06,27.69,ON
2026-08-05 22:47:11,28.06,27.69,ON
2026-08-05 22:47:12,28.12,27.69,ON
2026-08-05 22:47:14,28.06,27.69,ON
2026-08-05 22:47:15,28.06,27.69,ON
2026-08-05 22:47:16,28.06,27.69,ON
2026-08-05 22:47:18,28.06,27.69,ON
2026-08-05 22:47:19,28.06,27.69,ON
2026-08-05 22:47:20,28.06,27.69,ON
2026-08-05 22:47:22,28.06,27.69,ON
2026-08-05 22:47:23,28.06,27.69,ON
2026-08-05 22:47:24,28.06,27.69,ON
2026-08-05 22:47:26,28.12,27.69,ON
2026-08-05 22:47:27,28.06,27.69,ON
2026-08-05 22:47:28,28.06,27.69,ON
2026-08-05 22:47:30,28.06,27.69,ON
2026-08-05 22:47:31,28.06,27.75,ON
2026-08-05 22:47:32,28.06,27.69,ON
2026-08-05 22:47:34,28.06,27.75,ON
2026-08-05 22:47:35,28.06,27.75,ON
2026-08-05 22:47:36,28.06,27.69,ON
2026-08-05 22:47:38,28.12,27.69,ON
2026-08-05 22:47:39,28.06,27.75,ON
2026-08-05 22:47:40,28.06,27.69,ON
2026-08-05 22:47:42,28.12,27.69,ON
2026-08-05 22:47:43,28.06,27.69,ON
2026-08-05 22:47:45,28.06,27.75,ON
2026-08-05 22:47:46,28.12,27.75,ON
2026-08-05 22:47:47,28.06,27.75,ON
2026-08-05 22:47:49,28.06,27.69,ON
2026-08-05 22:47:50,28.12,27.75,ON
2026-08-05 22:47:51,28.06,27.75,ON
2026-08-05 22:47:53,28.12,27.69,ON
2026-08-05 22:47:54,28.06,27.69,ON
2026-08-05 22:47:55,28.12,27.75,ON
2026-08-05 22:47:57,28.06,27.75,ON
2026-08-05 22:47:58,28.06,27.75,ON
2026-08-05 22:47:59,28.12,27.69,ON
2026-08-05 22:48:01,28.12,27.75,ON
2026-08-05 22:48:02,28.12,27.75,ON
2026-08-05 22:48:03,28.12,27.75,ON
2026-08-05 22:48:05,28.12,27.75,ON
2026-08-05 22:48:06,28.06,27.75,ON
2026-08-05 22:48:07,28.12,27.75,ON
2026-08-05 22:48:09,28.06,27.75,ON
2026-08-05 22:48:10,28.06,27.75,ON
2026-08-05 22:48:11,28.06,27.75,ON
2026-08-05 22:48:13,28.12,27.69,ON
2026-08-05 22:48:14,28.06,27.75,ON
2026-08-05 22:48:15,28.12,27.75,ON
2026-08-05 22:48:17,28.12,27.75,ON
2026-08-05 22:48:18,28.06,27.75,ON
2026-08-05 22:48:19,28.12,27.75,ON
2026-08-05 22:48:21,28.12,27.75,ON
2026-08-05 22:48:22,28.12,27.75,ON
2026-08-05 22:48:23,28.06,27.75,ON
2026-08-05 22:48:25,28.06,27.75,ON
2026-08-05 22:48:26,28.12,27.69,ON
2026-08-05 22:48:28,28.12,27.75,ON
2026-08-05 22:48:29,28.12,27.75,ON
2026-08-05 22:48:30,28.12,27.69,ON
2026-08-05 22:48:32,28.12,27.75,ON
2026-08-05 22:48:33,28.12,27.75,ON
2026-08-05 22:48:34,28.12,27.75,ON
2026-08-05 22:48:36,28.12,27.75,ON
2026-08-05 22:48:37,28.12,27.75,ON
2026-08-05 22:48:38,28.12,27.75,ON
2026-08-05 22:48:40,28.12,27.75,ON
2026-08-05 22:48:41,28.06,27.69,ON
2026-08-05 22:48:42,28.06,27.75,ON
2026-08-05 22:48:44,28.12,27.75,ON
2026-08-05 22:48:45,28.12,27.75,ON
2026-08-05 22:48:46,28.12,27.75,ON
2026-08-05 22:48:48,28.12,27.75,ON
2026-08-05 22:48:49,28.12,27.75,ON
2026-08-05 22:48:50,28.12,27.75,ON
2026-08-05 22:48:52,28.06,27.75,ON
2026-08-05 22:48:53,28.12,27.75,ON
2026-08-05 22:48:54,28.06,27.75,ON
2026-08-05 22:48:56,28.12,27.75,ON
2026-08-05 22:48:57,28.12,27.75,ON
2026-08-05 22:48:58,28.12,27.75,ON
2026-08-05 22:49:00,28.12,27.75,ON
2026-08-05 22:49:01,28.12,27.75,ON
2026-08-05 22:49:02,28.12,27.75,ON
2026-08-05 22:49:04,28.12,27.75,ON
2026-08-05 22:49:05,28.12,27.75,ON
2026-08-05 22:49:07,28.12,27.75,ON
2026-08-05 22:49:08,28.12,27.75,ON
2026-08-05 22:49:09,28.12,27.75,ON
2026-08-05 22:49:11,28.12,27.75,ON
2026-08-05 22:49:12,28.12,27.75,ON
2026-08-05 22:49:13,28.12,27.75,ON
2026-08-05 22:49:15,28.12,27.75,ON
2026-08-05 22:49:16,28.12,27.75,ON
2026-08-05 22:49:17,28.12,27.75,ON
2026-08-05 22:49:19,28.12,27.75,ON
2026-08-05 22:49:20,28.12,27.75,ON
2026-08-05 22:49:21,28.12,27.75,ON
2026-08-05 22:49:23,28.12,27.75,ON
2026-08-05 22:49:24,28.12,27.75,ON
2026-08-05 22:49:25,28.12,27.75,ON
2026-08-05 22:49:27,28.12,27.75,ON
2026-08-05 22:49:28,28.12,27.75,ON
2026-08-05 22:49:29,28.12,27.75,ON
2026-08-05 22:49:31,28.12,27.75,ON
2026-08-05 22:49:32,28.12,27.75,ON
2026-08-05 22:49:33,28.12,27.75,ON
2026-08-05 22:49:35,28.12,27.75,ON
2026-08-05 22:49:36,28.12,27.75,ON
2026-08-05 22:49:37,28.12,27.75,ON
2026-08-05 22:49:39,28.12,27.75,ON
2026-08-05 22:49:40,28.12,27.75,ON
2026-08-05 22:49:41,28.12,27.75,ON
2026-08-05 22:49:43,28.12,27.75,ON
2026-08-05 22:49:44,28.12,27.75,ON
2026-08-05 22:49:45,28.12,27.75,ON
2026-08-05 22:49:47,28.12,27.75,ON
2026-08-05 22:49:48,28.12,27.75,ON
2026-08-05 22:49:50,28.12,27.75,ON
2026-08-05 22:49:51,28.12,27.75,ON
2026-08-05 22:49:52,28.12,27.75,ON
2026-08-05 22:49:54,28.12,27.75,ON
2026-08-05 22:49:55,28.12,27.75,ON
2026-08-05 22:49:56,28.12,27.75,ON
2026-08-05 22:49:58,28.12,27.75,ON
2026-08-05 22:49:59,28.12,27.75,ON
2026-08-05 22:50:00,28.12,27.75,ON
2026-08-05 22:50:02,28.12,27.75,ON
2026-08-05 22:50:03,28.06,27.75,ON
2026-08-05 22:50:04,28.12,27.75,ON
2026-08-05 22:50:06,28.12,27.75,ON
2026-08-05 22:50:07,28.12,27.75,ON
2026-08-05 22:50:08,28.12,27.75,ON
2026-08-05 22:50:10,28.06,27.75,ON
2026-08-05 22:50:11,28.12,27.75,ON
2026-08-05 22:50:12,28.12,27.75,ON
2026-08-05 22:50:14,28.12,27.75,ON
2026-08-05 22:50:15,28.12,27.75,ON
2026-08-05 22:50:16,28.12,27.75,ON
2026-08-05 22:50:18,28.12,27.75,ON
2026-08-05 22:50:19,28.12,27.75,ON
2026-08-05 22:50:20,28.12,27.75,ON
2026-08-05 22:50:22,28.12,27.75,ON
2026-08-05 22:50:23,28.06,27.75,ON
2026-08-05 22:50:24,28.12,27.75,ON
2026-08-05 22:50:26,28.12,27.75,ON
2026-08-05 22:50:27,28.06,27.75,ON
2026-08-05 22:50:28,28.12,27.75,ON
2026-08-05 22:50:30,28.12,27.75,ON
2026-08-05 22:50:31,28.12,27.75,ON
2026-08-05 22:50:33,28.06,27.75,ON
2026-08-05 22:50:34,28.12,27.75,ON
2026-08-05 22:50:35,28.12,27.75,ON
2026-08-05 22:50:37,28.12,27.75,ON
2026-08-05 22:50:38,28.12,27.75,ON
2026-08-05 22:50:39,28.12,27.75,ON
2026-08-05 22:50:41,28.12,27.75,ON
2026-08-05 22:50:42,28.12,27.75,ON
2026-08-05 22:50:43,28.12,27.75,ON
2026-08-05 22:50:45,28.12,27.75,ON
2026-08-05 22:50:46,28.12,27.75,ON
2026-08-05 22:50:47,28.12,27.75,ON
2026-08-05 22:50:49,28.12,27.75,ON
2026-08-05 22:50:50,28.12,27.75,ON
2026-08-05 22:50:51,28.12,27.75,ON
2026-08-05 22:50:53,28.12,27.75,ON
2026-08-05 22:50:54,28.12,27.75,ON
2026-08-05 22:50:55,28.12,27.75,ON
2026-08-05 22:50:57,28.12,27.75,ON
2026-08-05 22:50:58,28.12,27.75,ON
2026-08-05 22:50:59,28.12,27.75,ON
2026-08-05 22:51:01,28.12,27.75,ON
2026-08-05 22:51:02,28.12,27.75,ON
2026-08-05 22:51:03,28.06,27.75,ON
2026-08-05 22:51:05,28.12,27.75,ON
2026-08-05 22:51:06,28.12,27.75,ON
2026-08-05 22:51:07,28.12,27.75,ON
2026-08-05 22:51:09,28.12,27.75,ON
2026-08-05 22:51:10,28.12,27.75,ON
2026-08-05 22:51:12,28.12,27.69,ON
2026-08-05 22:51:13,28.12,27.75,ON
2026-08-05 22:51:14,28.12,27.75,ON
2026-08-05 22:51:16,28.06,27.75,ON
2026-08-05 22:51:17,28.12,27.75,ON
2026-08-05 22:51:18,28.12,27.75,ON
2026-08-05 22:51:20,28.12,27.75,ON
2026-08-05 22:51:21,28.12,27.75,ON
2026-08-05 22:51:22,28.12,27.75,ON
2026-08-05 22:51:24,28.12,27.75,ON
2026-08-05 22:51:25,28.12,27.75,ON
2026-08-05 22:51:26,28.12,27.75,ON
2026-08-05 22:51:28,28.12,27.75,ON
2026-08-05 22:51:29,28.12,27.75,ON
2026-08-05 22:51:30,28.12,27.75,ON
2026-08-05 22:51:32,28.12,27.75,ON
2026-08-05 22:51:33,28.12,27.75,ON
2026-08-05 22:51:34,28.12,27.75,ON
2026-08-05 22:51:36,28.12,27.75,ON
2026-08-05 22:51:37,28.12,27.75,ON
2026-08-05 22:51:38,28.12,27.75,ON
2026-08-05 22:51:40,28.12,27.75,ON
2026-08-05 22:51:41,28.12,27.75,ON
2026-08-05 22:51:42,28.12,27.75,ON
2026-08-05 22:51:44,28.12,27.75,ON
2026-08-05 22:51:45,28.12,27.75,ON
2026-08-05 22:51:46,28.12,27.69,ON
2026-08-05 22:51:48,28.12,27.75,ON
2026-08-05 22:51:49,28.06,27.75,ON
2026-08-05 22:51:50,28.12,27.75,ON
2026-08-05 22:51:52,28.12,27.75,ON
2026-08-05 22:51:53,28.12,27.75,ON
2026-08-05 22:51:55,28.12,27.75,ON
2026-08-05 22:51:56,28.12,27.75,ON
2026-08-05 22:51:57,28.12,27.75,ON
2026-08-05 22:51:59,28.12,27.75,ON
2026-08-05 22:52:00,28.12,27.75,ON
2026-08-05 22:52:01,28.12,27.75,ON
2026-08-05 22:52:03,28.12,27.75,ON
2026-08-05 22:52:04,28.12,27.75,ON
2026-08-05 22:52:05,28.12,27.75,ON
2026-08-05 22:52:07,28.12,27.75,ON
2026-08-05 22:52:08,28.12,27.75,ON
2026-08-05 22:52:09,28.12,27.75,ON
2026-08-05 22:52:11,28.12,27.69,ON
2026-08-05 22:52:12,28.12,27.75,ON
2026-08-05 22:52:13,28.12,27.75,ON
2026-08-05 22:52:15,28.12,27.75,ON
2026-08-05 22:52:16,28.12,27.75,ON
2026-08-05 22:52:17,28.12,27.75,ON
2026-08-05 22:52:19,28.06,27.75,ON
2026-08-05 22:52:20,28.12,27.75,ON
2026-08-05 22:52:21,28.06,27.75,ON
2026-08-05 22:52:23,28.06,27.69,ON
2026-08-05 22:52:24,28.06,27.75,ON
2026-08-05 22:52:25,28.06,27.75,ON
2026-08-05 22:52:27,28.06,27.75,ON
2026-08-05 22:52:28,28.12,27.75,ON
2026-08-05 22:52:29,28.12,27.75,ON
2026-08-05 22:52:31,28.12,27.75,ON
2026-08-05 22:52:32,28.12,27.75,ON
2026-08-05 22:52:33,28.12,27.69,ON
2026-08-05 22:52:35,28.12,27.69,ON
2026-08-05 22:52:36,28.12,27.75,ON
2026-08-05 22:52:38,28.06,27.75,ON
2026-08-05 22:52:39,28.06,27.75,ON
2026-08-05 22:52:40,28.12,27.69,ON
2026-08-05 22:52:42,28.06,27.69,ON
2026-08-05 22:52:43,28.06,27.75,ON
2026-08-05 22:52:44,28.06,27.75,ON
2026-08-05 22:52:46,28.06,27.69,ON
2026-08-05 22:52:47,28.12,27.75,ON
2026-08-05 22:52:48,28.06,27.69,ON
2026-08-05 22:52:50,28.12,27.69,ON
2026-08-05 22:52:51,28.06,27.75,ON
2026-08-05 22:52:52,28.06,27.69,ON
2026-08-05 22:52:54,28.06,27.75,ON
2026-08-05 22:52:55,28.06,27.69,ON
2026-08-05 22:52:56,28.06,27.69,ON
2026-08-05 22:52:58,28.06,27.75,ON
2026-08-05 22:52:59,28.06,27.69,ON
2026-08-05 22:53:00,28.12,27.75,ON
2026-08-05 22:53:02,28.06,27.75,ON
2026-08-05 22:53:03,28.06,27.75,ON
2026-08-05 22:53:04,28.06,27.75,ON
2026-08-05 22:53:06,28.06,27.75,ON
2026-08-05 22:53:07,28.06,27.75,ON
2026-08-05 22:53:08,28.06,27.69,ON
2026-08-05 22:53:10,28.06,27.75,ON
2026-08-05 22:53:11,28.12,27.75,ON
2026-08-05 22:53:12,28.06,27.69,ON
2026-08-05 22:53:14,28.06,27.75,ON
2026-08-05 22:53:15,28.06,27.75,ON
2026-08-05 22:53:17,28.12,27.69,ON
2026-08-05 22:53:18,28.06,27.69,ON
2026-08-05 22:53:19,28.06,27.75,ON
2026-08-05 22:53:21,28.06,27.75,ON
2026-08-05 22:53:22,28.06,27.75,ON
2026-08-05 22:53:23,28.06,27.69,ON
2026-08-05 22:53:25,28.06,27.69,ON
2026-08-05 22:53:26,28.06,27.69,ON
2026-08-05 22:53:27,28.06,27.75,ON
2026-08-05 22:53:29,28.06,27.75,ON
2026-08-05 22:53:30,28.06,27.75,ON
2026-08-05 22:53:31,28.12,27.75,ON
2026-08-05 22:53:33,28.12,27.75,ON
2026-08-05 22:53:34,28.12,27.75,ON
2026-08-05 22:53:35,28.06,27.75,ON
2026-08-05 22:53:37,28.12,27.75,ON
2026-08-05 22:53:38,28.12,27.69,ON
2026-08-05 22:53:39,28.06,27.75,ON
2026-08-05 22:53:41,28.12,27.69,ON
2026-08-05 22:53:42,28.06,27.69,ON
2026-08-05 22:53:43,28.06,27.69,ON
2026-08-05 22:53:45,28.06,27.75,ON
2026-08-05 22:53:46,28.06,27.69,ON
2026-08-05 22:53:47,28.12,27.69,ON
2026-08-05 22:53:49,28.12,27.69,ON
2026-08-05 22:53:50,28.06,27.69,ON
2026-08-05 22:53:51,28.06,27.69,ON
2026-08-05 22:53:53,28.06,27.69,ON
2026-08-05 22:53:54,28.06,27.75,ON
2026-08-05 22:53:55,28.06,27.75,ON
2026-08-05 22:53:57,28.06,27.69,ON
2026-08-05 22:53:58,28.12,27.69,ON
2026-08-05 22:54:00,28.06,27.75,ON
2026-08-05 22:54:01,28.06,27.69,ON
2026-08-05 22:54:02,28.06,27.69,ON
2026-08-05 22:54:04,28.06,27.75,ON
2026-08-05 22:54:05,28.06,27.69,ON
2026-08-05 22:54:06,28.06,27.69,ON
2026-08-05 22:54:08,28.06,27.75,ON
2026-08-05 22:54:09,28.06,27.75,ON
2026-08-05 22:54:10,28.12,27.69,ON
2026-08-05 22:54:12,28.06,27.69,ON
2026-08-05 22:54:13,28.06,27.75,ON
2026-08-05 22:54:14,28.06,27.75,ON
2026-08-05 22:54:16,28.12,27.75,ON
2026-08-05 22:54:17,28.12,27.69,ON
2026-08-05 22:54:18,28.12,27.75,ON
2026-08-05 22:54:20,28.06,27.75,ON
2026-08-05 22:54:21,28.06,27.75,ON
2026-08-05 22:54:22,28.12,27.75,ON
2026-08-05 22:54:24,28.06,27.69,ON
2026-08-05 22:54:25,28.12,27.75,ON
2026-08-05 22:54:26,28.12,27.75,ON
2026-08-05 22:54:28,28.12,27.75,ON
2026-08-05 22:54:29,28.06,27.75,ON
2026-08-05 22:54:30,28.06,27.75,ON
2026-08-05 22:54:32,28.12,27.75,ON
2026-08-05 22:54:33,28.06,27.75,ON
2026-08-05 22:54:34,28.12,27.75,ON
2026-08-05 22:54:36,28.06,27.75,ON
2026-08-05 22:54:37,28.06,27.75,ON
2026-08-05 22:54:38,28.12,27.75,ON
2026-08-05 22:54:40,28.12,27.69,ON
2026-08-05 22:54:41,28.06,27.69,ON
2026-08-05 22:54:43,28.06,27.75,ON
2026-08-05 22:54:44,28.06,27.75,ON
2026-08-05 22:54:45,28.12,27.75,ON
2026-08-05 22:54:47,28.12,27.75,ON
2026-08-05 22:54:48,28.06,27.75,ON
2026-08-05 22:54:49,28.12,27.75,ON
2026-08-05 22:54:51,28.12,27.75,ON
2026-08-05 22:54:52,28.12,27.75,ON
2026-08-05 22:54:53,28.12,27.75,ON
2026-08-05 22:54:55,28.06,27.75,ON
2026-08-05 22:54:56,28.06,27.75,ON
2026-08-05 22:54:57,28.12,27.75,ON
2026-08-05 22:54:59,28.06,27.75,ON
2026-08-05 22:55:00,28.12,27.75,ON
2026-08-05 22:55:01,28.12,27.75,ON
2026-08-05 22:55:03,28.12,27.69,ON
2026-08-05 22:55:04,28.12,27.75,ON
2026-08-05 22:55:05,28.12,27.75,ON
2026-08-05 22:55:07,28.12,27.69,ON
2026-08-05 22:55:08,28.12,27.75,ON
2026-08-05 22:55:09,28.12,27.75,ON
2026-08-05 22:55:11,28.12,27.75,ON
2026-08-05 22:55:12,28.12,27.75,ON
2026-08-05 22:55:13,28.12,27.75,ON
2026-08-05 22:55:15,28.12,27.75,ON
2026-08-05 22:55:16,28.12,27.75,ON
2026-08-05 22:55:17,28.12,27.75,ON
2026-08-05 22:55:19,28.12,27.75,ON
2026-08-05 22:55:20,28.12,27.69,ON
2026-08-05 22:55:22,28.12,27.75,ON
2026-08-05 22:55:23,28.12,27.75,ON
2026-08-05 22:55:24,28.12,27.75,ON
2026-08-05 22:55:26,28.12,27.75,ON
2026-08-05 22:55:27,28.12,27.75,ON
2026-08-05 22:55:28,28.12,27.75,ON
2026-08-05 22:55:30,28.12,27.75,ON
2026-08-05 22:55:31,28.12,27.75,ON
2026-08-05 22:55:32,28.12,27.75,ON
2026-08-05 22:55:34,28.06,27.69,ON
2026-08-05 22:55:35,28.12,27.75,ON
2026-08-05 22:55:36,28.12,27.75,ON
2026-08-05 22:55:38,28.12,27.75,ON
2026-08-05 22:55:39,28.12,27.75,ON
2026-08-05 22:55:40,28.12,27.75,ON
2026-08-05 22:55:42,28.12,27.75,ON
2026-08-05 22:55:43,28.06,27.75,ON
2026-08-05 22:55:44,28.12,27.81,ON
2026-08-05 22:55:46,28.12,27.75,ON
2026-08-05 22:55:47,28.12,27.69,ON
2026-08-05 22:55:48,28.06,27.75,ON
2026-08-05 22:55:50,28.06,27.75,ON
2026-08-05 22:55:51,28.12,27.69,ON
2026-08-05 22:55:52,28.12,27.75,ON
2026-08-05 22:55:54,28.12,27.69,ON
2026-08-05 22:55:55,28.06,27.75,ON
2026-08-05 22:55:56,28.12,27.75,ON
2026-08-05 22:55:58,28.12,27.75,ON
2026-08-05 22:55:59,28.06,27.75,ON
2026-08-05 22:56:00,28.12,27.75,ON
2026-08-05 22:56:02,28.12,27.75,ON
2026-08-05 22:56:03,28.12,27.75,ON
2026-08-05 22:56:05,28.12,27.75,ON
2026-08-05 22:56:06,28.12,27.75,ON
2026-08-05 22:56:07,28.12,27.75,ON
2026-08-05 22:56:09,28.12,27.75,ON
2026-08-05 22:56:10,28.12,27.75,ON
2026-08-05 22:56:11,28.06,27.75,ON
2026-08-05 22:56:13,28.06,27.75,ON
2026-08-05 22:56:14,28.12,27.75,ON
2026-08-05 22:56:15,28.06,27.75,ON
2026-08-05 22:56:17,28.12,27.75,ON
2026-08-05 22:56:18,28.12,27.75,ON
2026-08-05 22:56:19,28.12,27.75,ON
2026-08-05 22:56:21,28.12,27.75,ON
2026-08-05 22:56:22,28.12,27.75,ON
2026-08-05 22:56:23,28.12,27.75,ON
2026-08-05 22:56:25,28.12,27.75,ON
2026-08-05 22:56:26,28.12,27.75,ON
2026-08-05 22:56:27,28.12,27.75,ON
2026-08-05 22:56:29,28.06,27.75,ON
2026-08-05 22:56:30,28.12,27.75,ON
2026-08-05 22:56:31,28.12,27.75,ON
2026-08-05 22:56:33,28.12,27.75,ON
2026-08-05 22:56:34,28.12,27.75,ON
2026-08-05 22:56:35,28.12,27.75,ON
2026-08-05 22:56:37,28.12,27.75,ON
2026-08-05 22:56:38,28.12,27.75,ON
2026-08-05 22:56:39,28.06,27.75,ON
2026-08-05 22:56:41,28.12,27.75,ON
2026-08-05 22:56:42,28.12,27.75,ON
2026-08-05 22:56:43,28.12,27.75,ON
2026-08-05 22:56:45,28.12,27.75,ON
2026-08-05 22:56:46,28.12,27.75,ON
2026-08-05 22:56:48,28.12,27.75,ON
2026-08-05 22:56:49,28.12,27.75,ON
2026-08-05 22:56:50,28.12,27.75,ON
2026-08-05 22:56:52,28.12,27.75,ON
2026-08-05 22:56:53,28.12,27.75,ON
2026-08-05 22:56:54,28.12,27.81,ON
2026-08-05 22:56:56,28.12,27.75,ON
2026-08-05 22:56:57,28.12,27.75,ON
2026-08-05 22:56:58,28.12,27.75,ON
2026-08-05 22:57:00,28.12,27.75,ON
2026-08-05 22:57:01,28.12,27.75,ON
2026-08-05 22:57:02,28.12,27.75,ON
2026-08-05 22:57:04,28.12,27.75,ON
2026-08-05 22:57:05,28.12,27.75,ON
2026-08-05 22:57:06,28.12,27.81,ON
2026-08-05 22:57:08,28.12,27.75,ON
2026-08-05 22:57:09,28.12,27.75,ON
2026-08-05 22:57:10,28.12,27.75,ON
2026-08-05 22:57:12,28.12,27.75,ON
2026-08-05 22:57:13,28.12,27.75,ON
2026-08-05 22:57:14,28.12,27.75,ON
2026-08-05 22:57:16,28.12,27.75,ON
2026-08-05 22:57:17,28.12,27.81,ON
2026-08-05 22:57:18,28.12,27.75,ON
2026-08-05 22:57:20,28.12,27.75,ON
2026-08-05 22:57:21,28.12,27.75,ON
2026-08-05 22:57:22,28.12,27.75,ON
2026-08-05 22:57:24,28.12,27.75,ON
2026-08-05 22:57:25,28.12,27.81,ON
2026-08-05 22:57:27,28.12,27.75,ON
2026-08-05 22:57:28,28.12,27.75,ON
2026-08-05 22:57:29,28.12,27.75,ON
2026-08-05 22:57:31,28.12,27.75,ON
2026-08-05 22:57:32,28.12,27.75,ON
2026-08-05 22:57:33,28.12,27.75,ON
2026-08-05 22:57:35,28.12,27.75,ON
2026-08-05 22:57:36,28.12,27.81,ON
2026-08-05 22:57:37,28.12,27.81,ON
2026-08-05 22:57:39,28.12,27.81,ON
2026-08-05 22:57:40,28.12,27.75,ON
2026-08-05 22:57:41,28.12,27.75,ON
2026-08-05 22:57:43,28.12,27.75,ON
2026-08-05 22:57:44,28.12,27.75,ON
2026-08-05 23:00:06,28.12,27.87,ON
2026-08-05 23:00:07,28.19,27.87,ON
2026-08-05 23:00:09,28.19,27.87,ON
2026-08-05 23:00:10,28.19,27.87,ON
2026-08-05 23:00:11,28.19,27.87,ON
2026-08-05 23:00:13,28.19,27.87,ON
2026-08-05 23:00:14,28.19,27.87,ON
2026-08-05 23:00:15,28.19,27.87,ON
2026-08-05 23:00:17,28.19,27.87,ON
2026-08-05 23:00:18,28.19,27.87,ON
2026-08-05 23:00:19,28.19,27.87,ON
2026-08-05 23:00:21,28.19,27.87,ON
2026-08-05 23:00:22,28.19,27.94,ON
2026-08-05 23:00:23,28.19,27.87,ON
2026-08-05 23:00:25,28.19,27.87,ON
2026-08-05 23:00:26,28.25,27.87,ON
2026-08-05 23:00:27,28.19,27.87,ON
2026-08-05 23:00:29,28.19,27.87,ON
2026-08-05 23:00:30,28.19,27.94,ON
2026-08-05 23:00:32,28.19,27.87,ON
2026-08-05 23:00:33,28.25,27.94,ON
2026-08-05 23:00:34,28.19,27.94,ON
2026-08-05 23:00:36,28.19,27.94,ON
2026-08-05 23:00:37,28.19,27.94,ON
2026-08-05 23:00:38,28.19,27.94,ON
2026-08-05 23:00:40,28.25,27.94,ON
2026-08-05 23:00:41,28.25,27.94,ON
2026-08-05 23:00:42,28.25,27.94,ON
2026-08-05 23:00:44,28.19,27.94,ON
2026-08-05 23:00:45,28.25,27.94,ON
2026-08-05 23:00:46,28.25,27.94,ON
2026-08-05 23:00:48,28.25,27.94,ON
2026-08-05 23:00:49,28.25,27.94,ON
2026-08-05 23:00:50,28.25,27.94,ON
2026-08-05 23:00:52,28.25,27.94,ON
2026-08-05 23:00:53,28.25,27.94,ON
2026-08-05 23:00:54,28.25,27.94,ON
2026-08-05 23:00:56,28.25,27.94,ON
2026-08-05 23:00:57,28.25,27.94,ON
2026-08-05 23:00:58,28.25,27.94,ON
2026-08-05 23:01:00,28.25,27.94,ON
2026-08-05 23:01:01,28.25,27.94,ON
2026-08-05 23:01:02,28.25,27.94,ON
2026-08-05 23:01:04,28.25,27.94,ON
2026-08-05 23:01:05,28.25,27.94,ON
2026-08-05 23:01:06,28.25,27.94,ON
2026-08-05 23:01:08,28.25,27.94,ON
2026-08-05 23:01:09,28.25,27.94,ON
2026-08-05 23:01:11,28.25,27.94,ON
2026-08-05 23:01:12,28.25,27.94,ON
2026-08-05 23:01:13,28.25,27.94,ON
2026-08-05 23:01:15,28.25,27.94,ON
2026-08-05 23:01:16,28.25,27.94,ON
2026-08-05 23:01:17,28.25,27.94,ON
2026-08-05 23:01:19,28.25,28.00,ON
2026-08-05 23:01:20,28.25,27.94,ON
2026-08-05 23:01:21,28.25,27.94,ON
2026-08-05 23:01:23,28.25,28.00,ON
2026-08-05 23:01:24,28.25,28.00,ON
2026-08-05 23:01:25,28.25,27.94,ON
2026-08-05 23:01:27,28.25,28.00,ON
2026-08-05 23:01:28,28.25,28.00,ON
2026-08-05 23:01:29,28.25,28.00,ON
2026-08-05 23:01:31,28.25,28.00,ON
2026-08-05 23:01:32,28.25,28.00,ON
2026-08-05 23:01:33,28.25,28.00,ON
2026-08-05 23:01:35,28.25,28.00,ON
2026-08-05 23:01:36,28.31,28.00,ON
2026-08-05 23:01:37,28.25,28.00,ON
2026-08-05 23:01:39,28.25,28.00,ON
2026-08-05 23:01:40,28.31,27.94,ON
2026-08-05 23:01:41,28.25,28.00,ON
2026-08-05 23:01:43,28.25,28.00,ON
2026-08-05 23:01:44,28.25,27.94,ON
2026-08-05 23:01:45,28.31,28.00,ON
2026-08-05 23:01:47,28.25,28.00,ON
2026-08-05 23:01:48,28.25,27.94,ON
2026-08-05 23:01:49,28.25,28.00,ON
2026-08-05 23:01:51,28.25,27.94,ON
2026-08-05 23:01:52,28.31,27.94,ON
2026-08-05 23:01:54,28.25,27.94,ON
2026-08-05 23:01:55,28.25,27.94,ON
2026-08-05 23:01:56,28.25,28.00,ON
2026-08-05 23:01:58,28.31,27.94,ON
2026-08-05 23:01:59,28.25,28.00,ON
2026-08-05 23:02:00,28.25,28.00,ON
2026-08-05 23:02:02,28.25,27.94,ON
2026-08-05 23:02:03,28.25,27.94,ON
2026-08-05 23:02:04,28.31,27.94,ON
2026-08-05 23:02:06,28.25,28.00,ON
2026-08-05 23:02:07,28.25,27.94,ON
2026-08-05 23:02:08,28.31,28.00,ON
2026-08-05 23:02:10,28.25,27.94,ON
2026-08-05 23:02:11,28.31,28.00,ON
2026-08-05 23:02:12,28.31,27.94,ON
2026-08-05 23:02:14,28.25,28.00,ON
2026-08-05 23:02:15,28.31,28.00,ON
2026-08-05 23:02:16,28.31,28.00,ON
2026-08-05 23:02:18,28.25,28.00,ON
2026-08-05 23:02:19,28.25,27.94,ON
2026-08-05 23:02:20,28.25,28.00,ON
2026-08-05 23:02:22,28.31,27.94,ON
2026-08-05 23:02:23,28.25,28.00,ON
2026-08-05 23:02:24,28.25,27.94,ON
2026-08-05 23:02:26,28.25,28.00,ON
2026-08-05 23:02:27,28.31,28.00,ON
2026-08-05 23:02:28,28.25,28.00,ON
2026-08-05 23:02:30,28.31,27.94,ON
2026-08-05 23:02:31,28.31,28.00,ON
2026-08-05 23:02:32,28.25,28.00,ON
2026-08-05 23:02:34,28.25,28.00,ON
2026-08-05 23:02:35,28.25,28.00,ON
2026-08-05 23:02:37,28.31,28.00,ON
2026-08-05 23:02:38,28.25,28.00,ON
2026-08-05 23:02:39,28.25,28.00,ON
2026-08-05 23:02:41,28.25,28.00,ON
2026-08-05 23:02:42,28.31,28.00,ON
2026-08-05 23:02:43,28.25,28.00,ON
2026-08-05 23:02:45,28.31,28.00,ON
2026-08-05 23:02:46,28.31,28.00,ON
2026-08-05 23:02:47,28.25,28.00,ON
2026-08-05 23:02:49,28.25,28.00,ON
2026-08-05 23:02:50,28.31,28.00,ON
2026-08-05 23:02:51,28.25,28.00,ON
2026-08-05 23:02:53,28.31,28.00,ON
2026-08-05 23:02:54,28.31,28.00,ON
2026-08-05 23:02:55,28.31,28.00,ON
2026-08-05 23:02:57,28.31,28.00,ON
2026-08-05 23:02:58,28.31,28.00,ON
2026-08-05 23:02:59,28.25,28.00,ON
2026-08-05 23:03:01,28.31,28.00,ON
2026-08-05 23:03:02,28.31,28.00,ON
2026-08-05 23:03:03,28.31,28.00,ON
2026-08-05 23:03:05,28.31,28.00,ON
2026-08-05 23:03:06,28.31,28.00,ON
2026-08-05 23:03:07,28.31,28.00,ON
2026-08-05 23:03:09,28.31,28.00,ON
2026-08-05 23:03:10,28.31,28.00,ON
2026-08-05 23:03:11,28.31,28.00,ON
2026-08-05 23:03:13,28.31,28.06,ON
2026-08-05 23:03:14,28.31,28.00,ON
2026-08-05 23:03:15,28.31,28.00,ON
2026-08-05 23:03:17,28.31,28.00,ON
2026-08-05 23:03:18,28.31,28.06,ON
2026-08-05 23:03:20,28.31,28.00,ON
2026-08-05 23:03:21,28.31,28.00,ON
2026-08-05 23:03:22,28.31,28.00,ON
2026-08-05 23:03:24,28.31,28.06,ON
2026-08-05 23:03:25,28.31,28.00,ON
2026-08-05 23:03:26,28.31,28.00,ON
2026-08-05 23:03:28,28.31,28.00,ON
2026-08-05 23:03:29,28.31,28.00,ON
2026-08-05 23:03:30,28.31,28.00,ON
2026-08-05 23:03:32,28.31,28.00,ON
2026-08-05 23:03:33,28.31,28.00,ON
2026-08-05 23:03:34,28.31,28.06,ON
2026-08-05 23:03:36,28.31,28.00,ON
2026-08-05 23:03:37,28.31,28.00,ON
2026-08-05 23:03:38,28.31,28.00,ON
2026-08-05 23:03:40,28.31,28.00,ON
2026-08-05 23:03:41,28.31,28.00,ON
2026-08-05 23:03:42,28.31,28.00,ON
2026-08-05 23:03:44,28.31,28.00,ON
2026-08-05 23:03:45,28.31,28.00,ON
2026-08-05 23:03:46,28.31,28.00,ON
2026-08-05 23:03:48,28.31,28.00,ON
2026-08-05 23:03:49,28.31,28.00,ON
2026-08-05 23:03:50,28.31,28.00,ON
2026-08-05 23:03:52,28.31,28.00,ON
2026-08-05 23:03:53,28.31,28.00,ON
2026-08-05 23:03:54,28.31,28.00,ON
2026-08-05 23:03:56,28.31,28.00,ON
2026-08-05 23:03:57,28.31,28.00,ON
2026-08-05 23:03:59,28.31,28.00,ON
2026-08-05 23:04:00,28.31,28.00,ON
2026-08-05 23:04:01,28.31,28.00,ON
2026-08-05 23:04:03,28.31,28.00,ON
2026-08-05 23:04:04,28.31,28.00,ON
2026-08-05 23:04:05,28.31,28.00,ON
2026-08-05 23:04:07,28.31,28.00,ON
2026-08-05 23:04:08,28.31,28.00,ON
2026-08-05 23:04:09,28.31,27.94,ON
2026-08-05 23:04:11,28.31,28.00,ON
2026-08-05 23:04:12,28.31,28.00,ON
2026-08-05 23:04:13,28.31,28.00,ON
2026-08-05 23:04:15,28.31,27.94,ON
2026-08-05 23:04:16,28.31,28.00,ON
2026-08-05 23:04:17,28.31,27.94,ON
2026-08-05 23:04:19,28.31,27.94,ON
2026-08-05 23:04:20,28.31,27.94,ON
2026-08-05 23:04:21,28.25,27.94,ON
2026-08-05 23:04:23,28.25,27.94,ON
2026-08-05 23:04:24,28.25,27.94,ON
2026-08-05 23:04:25,28.31,27.94,ON
2026-08-05 23:04:27,28.31,27.94,ON
2026-08-05 23:04:28,28.31,27.94,ON
2026-08-05 23:04:29,28.31,27.94,ON
2026-08-05 23:04:31,28.25,27.94,ON
2026-08-05 23:04:32,28.31,27.94,ON
2026-08-05 23:04:33,28.31,27.94,ON
2026-08-05 23:04:35,28.31,27.94,ON
2026-08-05 23:04:36,28.31,27.94,ON
2026-08-05 23:04:37,28.31,27.94,ON
2026-08-05 23:04:39,28.31,27.94,ON
2026-08-05 23:04:40,28.25,27.94,ON
2026-08-05 23:04:42,28.25,27.94,ON
2026-08-05 23:04:43,28.31,27.94,ON
2026-08-05 23:04:44,28.25,27.87,ON
2026-08-05 23:04:46,28.31,27.94,ON
2026-08-05 23:04:47,28.25,27.87,ON
2026-08-05 23:04:48,28.25,27.87,ON
2026-08-05 23:04:50,28.25,27.94,ON
2026-08-05 23:04:51,28.25,27.94,ON
2026-08-05 23:04:52,28.25,27.94,ON
2026-08-05 23:04:54,28.25,27.87,ON
2026-08-05 23:04:55,28.25,27.87,ON
2026-08-05 23:04:56,28.25,27.87,ON
2026-08-05 23:04:58,28.25,27.87,ON
2026-08-05 23:04:59,28.25,27.87,ON
2026-08-05 23:05:00,28.25,27.87,ON
2026-08-05 23:05:02,28.25,27.87,ON
2026-08-05 23:05:03,28.25,27.87,ON
2026-08-05 23:05:04,28.25,27.87,ON
2026-08-05 23:05:06,28.25,27.87,ON
2026-08-05 23:05:07,28.25,27.87,ON
2026-08-05 23:05:08,28.25,27.87,ON
2026-08-05 23:05:10,28.25,27.87,ON
2026-08-05 23:05:11,28.25,27.87,ON
2026-08-05 23:05:12,28.25,27.87,ON
2026-08-05 23:05:14,28.25,27.87,ON
2026-08-05 23:05:15,28.25,27.87,ON
2026-08-05 23:05:16,28.25,27.87,ON
2026-08-05 23:05:18,28.25,27.87,ON
2026-08-05 23:05:19,28.25,27.87,ON
2026-08-05 23:05:20,28.25,27.87,ON
2026-08-05 23:05:22,28.25,27.87,ON
2026-08-05 23:05:23,28.25,27.87,ON
2026-08-05 23:05:25,28.25,27.87,ON
2026-08-05 23:05:26,28.25,27.87,ON
2026-08-05 23:05:27,28.25,27.87,ON
2026-08-05 23:05:29,28.25,27.87,ON
2026-08-05 23:05:30,28.25,27.87,ON
2026-08-05 23:05:31,28.25,27.87,ON
2026-08-05 23:05:33,28.25,27.87,ON
2026-08-05 23:05:34,28.25,27.87,ON
2026-08-05 23:05:35,28.25,27.87,ON
2026-08-05 23:05:37,28.25,27.81,ON
2026-08-05 23:05:38,28.25,27.87,ON
2026-08-05 23:05:39,28.25,27.87,ON
2026-08-05 23:05:41,28.25,27.87,ON
2026-08-05 23:05:42,28.25,27.87,ON
2026-08-05 23:05:43,28.25,27.81,ON
2026-08-05 23:05:45,28.25,27.87,ON
2026-08-05 23:05:46,28.25,27.81,ON
2026-08-05 23:05:47,28.25,27.81,ON
2026-08-05 23:05:49,28.25,27.81,ON
2026-08-05 23:05:50,28.25,27.81,ON
2026-08-05 23:05:51,28.25,27.87,ON
2026-08-05 23:05:53,28.25,27.81,ON
2026-08-05 23:05:54,28.25,27.81,ON
2026-08-05 23:05:55,28.25,27.81,ON
2026-08-05 23:05:57,28.25,27.81,ON
2026-08-05 23:05:58,28.25,27.87,ON
2026-08-05 23:05:59,28.25,27.87,ON
2026-08-05 23:06:01,28.25,27.81,ON
2026-08-05 23:06:02,28.31,27.81,ON
2026-08-05 23:06:04,28.44,27.81,ON
2026-08-05 23:06:05,28.56,27.87,ON
2026-08-05 23:06:06,28.69,27.87,ON
2026-08-05 23:06:08,28.81,27.81,ON
2026-08-05 23:06:09,29.00,27.87,ON
2026-08-05 23:06:10,29.06,27.81,ON
2026-08-05 23:06:12,29.12,27.87,ON
2026-08-05 23:06:13,29.12,27.81,ON
2026-08-05 23:06:14,29.12,27.81,ON
2026-08-05 23:06:16,29.12,27.87,ON
2026-08-05 23:06:17,29.12,27.81,ON
2026-08-05 23:06:18,29.12,27.87,ON
2026-08-05 23:06:20,29.06,27.81,ON
2026-08-05 23:06:21,29.06,27.87,ON
2026-08-05 23:06:22,29.06,27.81,ON
2026-08-05 23:06:24,29.00,27.87,ON
2026-08-05 23:06:25,29.00,27.87,ON
2026-08-05 23:06:26,29.00,27.87,ON
2026-08-05 23:06:28,29.00,27.87,ON
2026-08-05 23:06:29,28.94,27.87,ON
2026-08-05 23:06:30,28.94,27.81,ON
2026-08-05 23:06:32,28.87,27.87,ON
2026-08-05 23:06:33,28.87,27.87,ON
2026-08-05 23:06:34,28.87,27.87,ON
2026-08-05 23:06:36,28.81,27.87,ON
2026-08-05 23:06:37,28.81,27.81,ON
2026-08-05 23:06:38,28.81,27.87,ON
2026-08-05 23:06:40,28.81,27.87,ON
2026-08-05 23:06:41,28.81,27.87,ON
2026-08-05 23:06:42,28.81,27.87,ON
2026-08-05 23:06:44,28.75,27.87,ON
2026-08-05 23:06:45,28.75,27.87,ON
2026-08-05 23:06:47,28.75,27.87,ON
2026-08-05 23:06:48,28.75,27.87,ON
2026-08-05 23:06:49,28.75,27.87,ON
2026-08-05 23:06:51,28.69,27.87,ON
2026-08-05 23:06:52,28.69,27.87,ON
2026-08-05 23:06:53,28.69,27.87,ON
2026-08-05 23:06:55,28.69,27.87,ON
2026-08-05 23:06:56,28.69,27.87,ON
2026-08-05 23:06:57,28.69,27.87,ON
2026-08-05 23:06:59,28.62,27.87,ON
2026-08-05 23:07:00,28.69,27.87,ON
2026-08-05 23:07:01,28.62,27.87,ON
2026-08-05 23:07:03,28.62,27.87,ON
2026-08-05 23:07:04,28.62,27.87,ON
2026-08-05 23:07:05,28.62,27.87,ON
2026-08-05 23:07:07,28.62,27.87,ON
2026-08-05 23:07:08,28.62,27.94,ON
2026-08-05 23:07:09,28.62,27.87,ON
2026-08-05 23:07:11,28.62,27.87,ON
2026-08-05 23:07:12,28.62,27.87,ON
2026-08-05 23:07:13,28.62,27.87,ON
2026-08-05 23:07:15,28.62,27.94,ON
2026-08-05 23:07:16,28.62,27.94,ON
2026-08-05 23:07:17,28.56,27.94,ON
2026-08-05 23:07:19,28.62,27.87,ON
2026-08-05 23:07:20,28.56,27.94,ON
2026-08-05 23:07:21,28.56,27.87,ON
2026-08-05 23:07:23,28.56,27.94,ON
2026-08-05 23:07:24,28.56,27.94,ON
2026-08-05 23:07:25,28.56,27.87,ON
2026-08-05 23:07:27,28.50,27.94,ON
2026-08-05 23:07:28,28.56,27.94,ON
2026-08-05 23:07:30,28.56,27.94,ON
2026-08-05 23:07:31,28.56,27.94,ON
2026-08-05 23:07:32,28.50,27.94,ON
2026-08-05 23:07:34,28.50,27.94,ON
2026-08-05 23:07:35,28.50,27.94,ON
2026-08-05 23:07:36,28.50,27.94,ON
2026-08-05 23:07:38,28.50,27.94,ON
2026-08-05 23:07:39,28.50,27.94,ON
2026-08-05 23:07:40,28.50,27.94,ON
2026-08-05 23:07:42,28.50,27.94,ON
2026-08-05 23:07:43,28.50,27.94,ON
2026-08-05 23:07:44,28.50,27.94,ON
2026-08-05 23:07:46,28.50,27.94,ON
2026-08-05 23:07:47,28.50,27.94,ON
2026-08-05 23:07:48,28.50,27.94,ON
2026-08-05 23:07:50,28.50,27.94,ON
2026-08-05 23:07:51,28.44,27.94,ON
2026-08-05 23:07:52,28.50,27.94,ON
2026-08-05 23:07:54,28.50,27.94,ON
2026-08-05 23:07:55,28.44,27.94,ON
2026-08-05 23:07:56,28.44,27.94,ON
2026-08-05 23:07:58,28.50,27.94,ON
2026-08-05 23:07:59,28.44,27.94,ON
2026-08-05 23:08:00,28.50,27.94,ON
2026-08-05 23:08:02,28.44,27.94,ON
2026-08-05 23:08:03,28.44,27.94,ON
2026-08-05 23:08:04,28.44,27.94,ON
2026-08-05 23:08:06,28.44,27.94,ON
2026-08-05 23:08:07,28.44,27.94,ON
2026-08-05 23:08:09,28.44,27.94,ON
2026-08-05 23:08:10,28.44,27.94,ON
2026-08-05 23:08:11,28.44,27.94,ON
2026-08-05 23:08:13,28.44,27.94,ON
2026-08-05 23:08:14,28.44,27.94,ON
2026-08-05 23:08:15,28.44,27.87,ON
2026-08-05 23:08:17,28.37,27.94,ON
2026-08-05 23:08:18,28.44,27.94,ON
2026-08-05 23:08:19,28.44,27.94,ON
2026-08-05 23:08:21,28.44,27.94,ON
2026-08-05 23:08:22,28.37,27.94,ON
2026-08-05 23:08:23,28.37,27.87,ON
2026-08-05 23:08:25,28.37,27.94,ON
2026-08-05 23:08:26,28.44,27.87,ON
2026-08-05 23:08:27,28.37,27.87,ON
2026-08-05 23:08:29,28.37,27.87,ON
2026-08-05 23:08:30,28.37,27.87,ON
2026-08-05 23:08:31,28.37,27.94,ON
2026-08-05 23:08:33,28.37,27.87,ON
2026-08-05 23:08:34,28.37,27.87,ON
2026-08-05 23:08:35,28.37,27.87,ON
2026-08-05 23:08:37,28.37,27.87,ON
2026-08-05 23:08:38,28.37,27.87,ON
2026-08-05 23:08:39,28.37,27.87,ON
2026-08-05 23:08:41,28.37,27.87,ON
2026-08-05 23:08:42,28.37,27.87,ON
2026-08-05 23:08:43,28.37,27.87,ON
2026-08-05 23:08:45,28.37,27.87,ON
2026-08-05 23:08:46,28.37,27.87,ON
2026-08-05 23:08:47,28.31,27.87,ON
2026-08-05 23:08:49,28.37,27.87,ON
2026-08-05 23:08:50,28.37,27.87,ON
2026-08-05 23:08:52,28.37,27.87,ON
2026-08-05 23:08:53,28.31,27.87,ON
2026-08-05 23:08:54,28.31,27.87,ON
2026-08-05 23:08:56,28.31,27.81,ON
2026-08-05 23:08:57,28.31,27.87,ON
2026-08-05 23:08:58,28.31,27.87,ON
2026-08-05 23:09:00,28.31,27.87,ON
2026-08-05 23:09:01,28.31,27.87,ON
2026-08-05 23:09:02,28.31,27.81,ON
2026-08-05 23:09:04,28.31,27.81,ON
2026-08-05 23:09:05,28.25,27.87,ON
2026-08-05 23:09:06,28.31,27.81,ON
2026-08-05 23:09:08,28.31,27.81,ON
2026-08-05 23:09:09,28.31,27.81,ON
2026-08-05 23:09:10,28.31,27.81,ON
2026-08-05 23:09:12,28.31,27.87,ON
2026-08-05 23:09:13,28.31,27.81,ON
2026-08-05 23:09:14,28.31,27.81,ON
2026-08-05 23:09:16,28.31,27.81,ON
2026-08-05 23:09:17,28.31,27.81,ON
2026-08-05 23:09:18,28.31,27.81,ON
2026-08-05 23:09:20,28.31,27.81,ON
2026-08-05 23:09:21,28.25,27.81,ON
2026-08-05 23:09:22,28.31,27.81,ON
2026-08-05 23:09:24,28.25,27.81,ON
2026-08-05 23:09:25,28.25,27.81,ON
2026-08-05 23:09:26,28.25,27.81,ON
2026-08-05 23:09:28,28.25,27.81,ON
2026-08-05 23:09:29,28.31,27.81,ON
2026-08-05 23:09:30,28.25,27.81,ON
2026-08-05 23:09:32,28.25,27.81,ON
2026-08-05 23:09:33,28.25,27.81,ON
2026-08-05 23:09:35,28.25,27.81,ON
2026-08-05 23:09:36,28.25,27.75,ON
2026-08-05 23:09:37,28.25,27.81,ON
2026-08-05 23:09:39,28.25,27.81,ON
2026-08-05 23:09:40,28.25,27.81,ON
2026-08-05 23:09:41,28.25,27.81,ON
2026-08-05 23:09:43,28.25,27.81,ON
2026-08-05 23:09:44,28.25,27.81,ON
2026-08-05 23:09:45,28.25,27.81,ON
2026-08-05 23:09:47,28.25,27.81,ON
2026-08-05 23:09:48,28.25,27.81,ON
2026-08-05 23:09:49,28.25,27.81,ON
2026-08-05 23:09:51,28.25,27.81,ON
2026-08-05 23:09:52,28.25,27.81,ON
2026-08-05 23:09:53,28.25,27.81,ON
2026-08-05 23:09:55,28.25,27.81,ON
2026-08-05 23:09:56,28.25,27.81,ON
2026-08-05 23:09:57,28.25,27.81,ON
2026-08-05 23:09:59,28.31,27.81,ON
2026-08-05 23:10:00,28.31,27.81,ON
2026-08-05 23:10:01,28.44,27.81,ON
2026-08-05 23:10:03,28.44,27.81,ON
2026-08-05 23:10:04,28.50,27.81,ON
2026-08-05 23:10:05,28.44,27.81,ON
2026-08-05 23:10:07,28.44,27.81,ON
2026-08-05 23:10:08,28.44,27.81,ON
2026-08-05 23:10:09,28.44,27.81,ON
2026-08-05 23:10:11,28.44,27.81,ON
2026-08-05 23:10:12,28.44,27.81,ON
2026-08-05 23:10:13,28.44,27.81,ON
2026-08-05 23:10:15,28.37,27.75,ON
2026-08-05 23:10:16,28.37,27.81,ON
2026-08-05 23:10:18,28.37,27.81,ON
2026-08-05 23:10:19,28.37,27.81,ON
2026-08-05 23:10:20,28.37,27.81,ON
2026-08-05 23:10:22,28.37,27.81,ON
2026-08-05 23:10:23,28.37,27.81,ON
2026-08-05 23:10:24,28.37,27.81,ON
2026-08-05 23:10:26,28.37,27.81,ON
2026-08-05 23:10:27,28.37,27.81,ON
2026-08-05 23:10:28,28.37,27.81,ON
2026-08-05 23:10:30,28.37,27.81,ON
2026-08-05 23:10:31,28.31,27.81,ON
2026-08-05 23:10:32,28.31,27.81,ON
2026-08-05 23:10:34,28.31,27.81,ON
2026-08-05 23:10:35,28.37,27.81,ON
2026-08-05 23:10:36,28.31,27.81,ON
2026-08-05 23:10:38,28.31,27.81,ON
2026-08-05 23:10:39,28.37,27.81,ON
2026-08-05 23:10:40,28.31,27.81,ON
2026-08-05 23:10:42,28.31,27.81,ON
2026-08-05 23:10:43,28.31,27.81,ON
2026-08-05 23:10:44,28.31,27.81,ON
2026-08-05 23:10:46,28.31,27.81,ON
2026-08-05 23:10:47,28.31,27.81,ON
2026-08-05 23:10:48,28.31,27.81,ON
2026-08-05 23:10:50,28.31,27.81,ON
2026-08-05 23:10:51,28.31,27.81,ON
2026-08-05 23:10:52,28.31,27.81,ON
2026-08-05 23:10:54,28.31,27.81,ON
2026-08-05 23:10:55,28.31,27.81,ON
2026-08-05 23:10:57,28.31,27.81,ON
2026-08-05 23:10:58,28.31,27.81,ON
2026-08-05 23:10:59,28.31,27.81,ON
2026-08-05 23:11:01,28.31,27.81,ON
2026-08-05 23:11:02,28.31,27.81,ON
2026-08-05 23:11:03,28.31,27.81,ON
2026-08-05 23:11:05,28.25,27.87,ON
2026-08-05 23:11:06,28.31,27.81,ON
2026-08-05 23:11:07,28.31,27.87,ON
2026-08-05 23:11:09,28.31,27.81,ON
2026-08-05 23:11:10,28.31,27.81,ON
2026-08-05 23:11:11,28.31,27.81,ON
2026-08-05 23:11:13,28.31,27.81,ON
2026-08-05 23:11:14,28.25,27.81,ON
2026-08-05 23:11:15,28.31,27.81,ON
2026-08-05 23:11:17,28.31,27.87,ON
2026-08-05 23:11:18,28.31,27.81,ON
2026-08-05 23:11:19,28.31,27.87,ON
2026-08-05 23:11:21,28.31,27.81,ON
2026-08-05 23:11:22,28.31,27.87,ON
2026-08-05 23:11:23,28.25,27.81,ON
2026-08-05 23:11:25,28.31,27.87,ON
2026-08-05 23:11:26,28.25,27.81,ON
2026-08-05 23:11:27,28.31,27.81,ON
2026-08-05 23:11:29,28.31,27.87,ON
2026-08-05 23:11:30,28.25,27.87,ON
2026-08-05 23:11:31,28.25,27.81,ON
2026-08-05 23:11:33,28.25,27.87,ON
2026-08-05 23:11:34,28.25,27.81,ON
2026-08-05 23:11:35,28.25,27.87,ON
2026-08-05 23:11:37,28.25,27.81,ON
2026-08-05 23:11:38,28.25,27.87,ON
2026-08-05 23:11:40,28.25,27.87,ON
2026-08-05 23:11:41,28.25,27.87,ON
2026-08-05 23:11:42,28.25,27.81,ON
2026-08-05 23:11:44,28.25,27.87,ON
2026-08-05 23:11:45,28.25,27.81,ON
2026-08-05 23:11:46,28.25,27.81,ON
2026-08-05 23:11:48,28.25,27.81,ON
2026-08-05 23:11:49,28.25,27.87,ON
2026-08-05 23:11:50,28.25,27.81,ON
2026-08-05 23:11:52,28.25,27.81,ON
2026-08-05 23:11:53,28.25,27.87,ON
2026-08-05 23:11:54,28.25,27.81,ON
2026-08-05 23:11:56,28.25,27.81,ON
2026-08-05 23:11:57,28.25,27.81,ON
2026-08-05 23:11:58,28.25,27.81,ON
2026-08-05 23:12:00,28.25,27.81,ON
2026-08-05 23:12:01,28.25,27.81,ON
2026-08-05 23:12:02,28.25,27.81,ON
2026-08-05 23:12:04,28.19,27.81,ON
2026-08-05 23:12:05,28.25,27.81,ON
2026-08-05 23:12:06,28.25,27.81,ON
2026-08-05 23:12:08,28.25,27.81,ON
2026-08-05 23:12:09,28.25,27.81,ON
2026-08-05 23:12:10,28.25,27.81,ON
2026-08-05 23:12:12,28.19,27.81,ON
2026-08-05 23:12:13,28.25,27.81,ON
2026-08-05 23:12:14,28.25,27.81,ON
2026-08-05 23:12:16,28.25,27.81,ON
2026-08-05 23:12:17,28.25,27.81,ON
2026-08-05 23:12:18,28.19,27.81,ON
2026-08-05 23:12:20,28.25,27.81,ON
2026-08-05 23:12:21,28.19,27.81,ON
2026-08-05 23:12:23,28.25,27.81,ON
2026-08-05 23:12:24,28.25,27.81,ON
2026-08-05 23:12:25,28.19,27.81,ON
2026-08-05 23:12:27,28.25,27.81,ON
2026-08-05 23:12:28,28.19,27.81,ON
2026-08-05 23:12:29,28.19,27.81,ON
2026-08-05 23:12:31,28.19,27.81,ON
2026-08-05 23:12:32,28.19,27.81,ON
2026-08-05 23:12:33,28.25,27.81,ON
2026-08-05 23:12:35,28.19,27.81,ON
2026-08-05 23:12:36,28.25,27.81,ON
2026-08-05 23:12:37,28.19,27.81,ON
2026-08-05 23:12:39,28.19,27.81,ON
2026-08-05 23:12:40,28.19,27.81,ON
2026-08-05 23:12:41,28.19,27.81,ON
2026-08-05 23:12:43,28.19,27.81,ON
2026-08-05 23:12:44,28.19,27.81,ON
2026-08-05 23:12:45,28.19,27.81,ON
2026-08-05 23:12:47,28.19,27.81,ON
2026-08-05 23:12:48,28.19,27.81,ON
2026-08-05 23:12:49,28.19,27.81,ON
2026-08-05 23:12:51,28.25,27.81,ON
2026-08-05 23:12:52,28.19,27.81,ON
2026-08-05 23:12:53,28.19,27.81,ON
2026-08-05 23:12:55,28.19,27.81,ON
2026-08-05 23:12:56,28.19,27.81,ON
2026-08-05 23:12:57,28.19,27.81,ON
2026-08-05 23:12:59,28.19,27.81,ON
2026-08-05 23:13:00,28.19,27.81,ON
2026-08-05 23:13:02,28.19,27.81,ON
2026-08-05 23:13:03,28.19,27.81,ON
2026-08-05 23:13:04,28.19,27.81,ON
2026-08-05 23:13:06,28.19,27.81,ON
2026-08-05 23:13:07,28.19,27.81,ON
2026-08-05 23:13:08,28.19,27.81,ON
2026-08-05 23:13:10,28.19,27.81,ON
2026-08-05 23:13:11,28.19,27.81,ON
2026-08-05 23:13:12,28.19,27.81,ON
2026-08-05 23:13:14,28.19,27.81,ON
2026-08-05 23:13:15,28.19,27.81,ON
2026-08-05 23:13:16,28.19,27.81,ON
2026-08-05 23:13:18,28.19,27.81,ON
2026-08-05 23:13:19,28.19,27.81,ON
2026-08-05 23:13:20,28.19,27.81,ON
2026-08-05 23:13:22,28.19,27.81,ON
2026-08-05 23:13:23,28.19,27.81,ON
2026-08-05 23:13:24,28.19,27.81,ON
2026-08-05 23:13:26,28.19,27.81,ON
2026-08-05 23:13:27,28.19,27.81,ON
2026-08-05 23:13:28,28.19,27.81,ON
2026-08-05 23:13:30,28.19,27.81,ON
2026-08-05 23:13:31,28.19,27.81,ON
2026-08-05 23:13:32,28.19,27.81,ON
2026-08-05 23:13:34,28.19,27.81,ON
2026-08-05 23:13:35,28.19,27.81,ON
2026-08-05 23:13:36,28.19,27.81,ON
2026-08-05 23:13:38,28.19,27.81,ON
2026-08-05 23:13:39,28.19,27.81,ON
2026-08-05 23:13:40,28.19,27.81,ON
2026-08-05 23:13:42,28.19,27.81,ON
2026-08-05 23:13:43,28.19,27.81,ON
2026-08-05 23:13:45,28.19,27.81,ON
2026-08-05 23:17:19,28.12,27.81,ON
2026-08-05 23:17:20,28.19,27.81,ON
2026-08-05 23:17:22,28.19,27.87,ON
2026-08-05 23:17:23,28.19,27.87,ON
2026-08-05 23:17:24,28.19,27.81,ON
2026-08-05 23:17:26,28.19,27.87,ON
2026-08-05 23:17:27,28.19,27.87,ON
2026-08-05 23:17:28,28.19,27.87,ON
2026-08-05 23:17:30,28.19,27.87,ON
2026-08-05 23:17:31,28.19,27.81,ON
2026-08-05 23:17:32,28.19,27.87,ON
2026-08-05 23:17:34,28.19,27.87,ON
2026-08-05 23:17:35,28.19,27.87,ON
2026-08-05 23:17:36,28.19,27.87,ON
2026-08-05 23:17:38,28.19,27.87,ON
2026-08-05 23:17:39,28.19,27.87,ON
2026-08-05 23:17:40,28.19,27.87,ON
2026-08-05 23:17:42,28.19,27.87,ON
2026-08-05 23:17:43,28.19,27.87,ON
2026-08-05 23:17:44,28.19,27.94,ON
2026-08-05 23:17:46,28.19,27.87,ON
2026-08-05 23:17:47,28.19,27.87,ON
2026-08-05 23:17:48,28.19,27.87,ON
2026-08-05 23:17:50,28.25,27.87,ON
2026-08-05 23:17:51,28.25,27.87,ON
2026-08-05 23:17:53,28.19,27.87,ON
2026-08-05 23:17:54,28.25,27.87,ON
2026-08-05 23:17:55,28.19,27.87,ON
2026-08-05 23:17:57,28.19,27.94,ON
2026-08-05 23:17:58,28.19,27.94,ON
2026-08-05 23:17:59,28.19,27.87,ON
2026-08-05 23:18:01,28.25,27.87,ON
2026-08-05 23:18:02,28.19,27.87,ON
2026-08-05 23:18:03,28.19,27.87,ON
2026-08-05 23:18:05,28.19,27.87,ON
2026-08-05 23:18:06,28.25,27.94,ON
2026-08-05 23:18:07,28.25,27.87,ON
2026-08-05 23:18:09,28.25,27.87,ON
2026-08-05 23:18:10,28.19,27.94,ON
2026-08-05 23:18:11,28.19,27.87,ON
2026-08-05 23:18:13,28.25,27.87,ON
2026-08-05 23:18:14,28.19,27.87,ON
2026-08-05 23:18:15,28.25,27.87,ON
2026-08-05 23:18:17,28.25,27.87,ON
2026-08-05 23:18:18,28.25,27.94,ON
2026-08-05 23:18:19,28.25,27.87,ON
2026-08-05 23:18:21,28.25,27.87,ON
2026-08-05 23:18:22,28.19,27.87,ON
2026-08-05 23:18:23,28.25,27.87,ON
2026-08-05 23:18:25,28.19,27.87,ON
2026-08-05 23:18:26,28.25,27.94,ON
2026-08-05 23:18:27,28.19,27.87,ON
2026-08-05 23:18:29,28.25,27.87,ON
2026-08-05 23:18:30,28.19,27.87,ON
2026-08-05 23:18:31,28.19,27.87,ON
2026-08-05 23:18:33,28.19,27.87,ON
2026-08-05 23:18:34,28.25,27.87,ON
2026-08-05 23:18:36,28.19,27.87,ON
2026-08-05 23:18:37,28.25,27.87,ON
2026-08-05 23:18:38,28.25,27.87,ON
2026-08-05 23:18:40,28.19,27.87,ON
2026-08-05 23:18:41,28.19,27.87,ON
2026-08-05 23:18:42,28.25,27.87,ON
2026-08-05 23:18:44,28.19,27.87,ON
2026-08-05 23:18:45,28.19,27.87,ON
2026-08-05 23:18:46,28.19,27.87,ON
2026-08-05 23:18:48,28.19,27.87,ON
2026-08-05 23:18:49,28.25,27.87,ON
2026-08-05 23:18:50,28.19,27.87,ON
2026-08-05 23:18:52,28.19,27.87,ON
2026-08-05 23:18:53,28.19,27.81,ON
2026-08-05 23:18:54,28.19,27.87,ON
2026-08-05 23:18:56,28.25,27.87,ON
2026-08-05 23:18:57,28.19,27.87,ON
2026-08-05 23:18:58,28.19,27.87,ON
2026-08-05 23:19:00,28.19,27.87,ON
2026-08-05 23:19:01,28.19,27.87,ON
2026-08-05 23:19:02,28.19,27.87,ON
2026-08-05 23:19:04,28.19,27.87,ON
2026-08-05 23:19:05,28.19,27.87,ON
2026-08-05 23:19:06,28.19,27.87,ON
2026-08-05 23:19:08,28.19,27.81,ON
2026-08-05 23:19:09,28.19,27.87,ON
2026-08-05 23:19:10,28.19,27.87,ON
2026-08-05 23:19:12,28.19,27.87,ON
2026-08-05 23:19:13,28.19,27.87,ON
2026-08-05 23:19:14,28.19,27.81,ON
2026-08-05 23:19:16,28.19,27.87,ON
2026-08-05 23:19:17,28.19,27.87,ON
2026-08-05 23:19:19,28.19,27.81,ON
2026-08-05 23:19:20,28.19,27.81,ON
2026-08-05 23:19:21,28.19,27.87,ON
2026-08-05 23:19:23,28.19,27.81,ON
2026-08-05 23:19:24,28.19,27.87,ON
2026-08-05 23:19:25,28.19,27.87,ON
2026-08-05 23:19:27,28.19,27.87,ON
2026-08-05 23:19:28,28.19,27.87,ON
2026-08-05 23:19:29,28.19,27.81,ON
2026-08-05 23:19:31,28.19,27.87,ON
2026-08-05 23:19:32,28.19,27.81,ON
2026-08-05 23:19:33,28.19,27.81,ON
2026-08-05 23:19:35,28.19,27.81,ON
2026-08-05 23:19:36,28.19,27.81,ON
2026-08-05 23:19:37,28.19,27.87,ON
2026-08-05 23:19:39,28.19,27.81,ON
2026-08-05 23:19:40,28.19,27.87,ON
2026-08-05 23:19:41,28.19,27.87,ON
2026-08-05 23:19:43,28.19,27.87,ON
2026-08-05 23:19:44,28.19,27.81,ON
2026-08-05 23:19:45,28.19,27.87,ON
2026-08-05 23:19:47,28.19,27.87,ON
2026-08-05 23:19:48,28.19,27.81,ON
2026-08-05 23:19:49,28.19,27.81,ON
2026-08-05 23:19:51,28.19,27.87,ON
2026-08-05 23:19:52,28.12,27.87,ON
2026-08-05 23:19:53,28.19,27.87,ON
2026-08-05 23:19:55,28.19,27.87,ON
2026-08-05 23:19:56,28.19,27.81,ON
2026-08-05 23:19:58,28.19,27.87,ON
2026-08-05 23:19:59,28.19,27.87,ON
2026-08-05 23:20:00,28.19,27.87,ON
2026-08-05 23:20:02,28.19,27.81,ON
2026-08-05 23:20:03,28.19,27.81,ON
2026-08-05 23:20:04,28.19,27.87,ON
2026-08-05 23:20:06,28.19,27.87,ON
2026-08-05 23:20:07,28.19,27.81,ON
2026-08-05 23:20:08,28.19,27.87,ON
2026-08-05 23:20:10,28.19,27.81,ON
2026-08-05 23:20:11,28.19,27.87,ON
2026-08-05 23:20:12,28.19,27.81,ON
2026-08-05 23:20:14,28.19,27.81,ON
2026-08-05 23:20:15,28.19,27.81,ON
2026-08-05 23:20:51,28.19,27.87,ON
2026-08-05 23:20:53,28.19,27.87,ON
2026-08-05 23:20:54,28.19,27.81,ON
2026-08-05 23:20:55,28.19,27.81,ON
2026-08-05 23:20:57,28.19,27.81,ON
2026-08-05 23:20:58,28.12,27.81,ON
2026-08-05 23:20:59,28.19,27.81,ON
2026-08-05 23:21:01,28.19,27.81,ON
2026-08-05 23:21:02,28.19,27.87,ON
2026-08-05 23:21:03,28.19,27.81,ON
2026-08-05 23:21:05,28.19,27.81,ON
2026-08-05 23:21:06,28.19,27.81,ON
2026-08-05 23:21:07,28.19,27.81,ON
2026-08-05 23:21:09,28.19,27.81,ON
2026-08-05 23:21:10,28.19,27.81,ON
2026-08-05 23:21:11,28.19,27.81,ON
2026-08-05 23:21:13,28.19,27.81,ON
2026-08-05 23:21:14,28.19,27.81,ON
2026-08-05 23:21:15,28.19,27.81,ON
2026-08-05 23:21:17,28.19,27.81,ON
2026-08-05 23:21:18,28.19,27.81,ON
2026-08-05 23:21:19,28.19,27.81,ON
2026-08-05 23:21:21,28.19,27.81,ON
2026-08-05 23:21:22,28.19,27.81,ON
2026-08-05 23:21:24,28.19,27.81,ON
2026-08-05 23:21:25,28.19,27.81,ON
2026-08-05 23:21:26,28.19,27.81,ON
2026-08-05 23:21:28,28.19,27.81,ON
2026-08-05 23:21:29,28.19,27.81,ON
2026-08-05 23:21:30,28.19,27.81,ON
2026-08-05 23:21:32,28.19,27.81,ON
2026-08-05 23:21:33,28.19,27.81,ON
2026-08-05 23:21:34,28.19,27.81,ON
2026-08-05 23:21:36,28.19,27.81,ON
2026-08-05 23:21:37,28.19,27.81,ON
2026-08-05 23:21:38,28.19,27.81,ON
2026-08-05 23:21:40,28.19,27.81,ON
2026-08-05 23:21:41,28.19,27.81,ON
2026-08-05 23:21:42,28.19,27.81,ON
2026-08-05 23:21:44,28.19,27.81,ON
2026-08-05 23:21:45,28.19,27.81,ON
2026-08-05 23:21:46,28.19,27.81,ON
2026-08-05 23:21:48,28.19,27.81,ON
2026-08-05 23:21:49,28.19,27.81,ON
2026-08-05 23:21:50,28.19,27.81,ON
2026-08-05 23:21:52,28.19,27.87,ON
2026-08-05 23:21:53,28.19,27.81,ON
2026-08-05 23:21:54,28.19,27.81,ON
2026-08-05 23:21:56,28.19,27.81,ON
2026-08-05 23:21:57,28.19,27.81,ON
2026-08-05 23:21:58,28.19,27.81,ON
2026-08-05 23:22:00,28.19,27.81,ON
2026-08-05 23:22:01,28.19,27.81,ON
2026-08-05 23:22:03,28.19,27.87,ON
2026-08-05 23:22:04,28.19,27.87,ON
2026-08-05 23:22:05,28.19,27.81,ON
2026-08-05 23:22:07,28.19,27.81,ON
2026-08-05 23:22:08,28.19,27.81,ON
2026-08-05 23:22:09,28.19,27.81,ON
2026-08-05 23:22:11,28.19,27.81,ON
2026-08-05 23:22:12,28.19,27.81,ON
2026-08-05 23:22:13,28.19,27.81,ON
2026-08-05 23:22:15,28.19,27.87,ON
2026-08-05 23:22:16,28.19,27.81,ON
2026-08-05 23:22:17,28.19,27.81,ON
2026-08-05 23:22:19,28.19,27.81,ON
2026-08-05 23:22:20,28.19,27.81,ON
2026-08-05 23:22:21,28.19,27.81,ON
2026-08-05 23:22:23,28.19,27.81,ON
2026-08-05 23:22:24,28.19,27.81,ON
2026-08-05 23:22:25,28.19,27.81,ON
2026-08-05 23:22:27,28.19,27.81,ON
2026-08-05 23:22:28,28.19,27.81,ON
2026-08-05 23:22:29,28.19,27.81,ON
2026-08-05 23:22:31,28.19,27.81,ON
2026-08-05 23:22:32,28.19,27.81,ON
2026-08-05 23:22:33,28.19,27.81,ON
2026-08-05 23:22:35,28.19,27.81,ON
2026-08-05 23:22:36,28.19,27.81,ON
2026-08-05 23:22:37,28.19,27.81,ON
2026-08-05 23:22:39,28.19,27.81,ON
2026-08-05 23:22:40,28.19,27.81,ON
2026-08-05 23:22:41,28.19,27.81,ON
2026-08-05 23:22:43,28.19,27.81,ON
2026-08-05 23:22:44,28.19,27.81,ON
2026-08-05 23:22:46,28.19,27.81,ON
2026-08-05 23:22:47,28.19,27.81,ON
2026-08-05 23:22:48,28.12,27.81,ON
2026-08-05 23:22:50,28.19,27.81,ON
2026-08-05 23:22:51,28.19,27.81,ON
2026-08-05 23:22:52,28.12,27.87,ON
2026-08-05 23:22:54,28.19,27.81,ON
2026-08-05 23:22:55,28.19,27.81,ON
2026-08-05 23:22:56,28.19,27.81,ON
2026-08-05 23:22:58,28.19,27.81,ON
2026-08-05 23:22:59,28.19,27.81,ON
2026-08-05 23:23:00,28.19,27.81,ON
2026-08-05 23:23:02,28.12,27.81,ON
2026-08-05 23:23:03,28.19,27.81,ON
2026-08-05 23:23:04,28.12,27.81,ON
2026-08-05 23:23:06,28.19,27.81,ON
2026-08-05 23:23:07,28.12,27.81,ON
2026-08-05 23:23:08,28.19,27.81,ON
2026-08-05 23:23:10,28.19,27.81,ON
2026-08-05 23:23:11,28.19,27.81,ON
2026-08-05 23:23:12,28.12,27.81,ON
2026-08-05 23:23:14,28.19,27.81,ON
2026-08-05 23:23:15,28.19,27.81,ON
2026-08-05 23:23:16,28.12,27.81,ON
2026-08-05 23:23:18,28.19,27.81,ON
2026-08-05 23:23:19,28.19,27.81,ON
2026-08-05 23:23:20,28.12,27.81,ON
2026-08-05 23:23:22,28.19,27.81,ON
2026-08-05 23:23:23,28.19,27.81,ON
2026-08-05 23:23:24,28.12,27.81,ON
2026-08-05 23:23:26,28.12,27.75,ON
2026-08-05 23:23:27,28.19,27.81,ON
2026-08-05 23:23:29,28.19,27.81,ON
2026-08-05 23:23:30,28.19,27.81,ON
2026-08-05 23:23:31,28.19,27.81,ON
2026-08-05 23:23:33,28.19,27.81,ON
2026-08-05 23:23:34,28.19,27.81,ON
2026-08-05 23:23:35,28.19,27.81,ON
2026-08-05 23:23:37,28.19,27.81,ON
2026-08-05 23:23:38,28.19,27.81,ON
2026-08-05 23:23:39,28.19,27.81,ON
2026-08-05 23:23:41,28.12,27.75,ON
2026-08-05 23:23:42,28.12,27.81,ON
2026-08-05 23:23:43,28.19,27.81,ON
2026-08-05 23:23:45,28.19,27.81,ON
2026-08-05 23:23:46,28.19,27.81,ON
2026-08-05 23:23:47,28.19,27.81,ON
2026-08-05 23:23:49,28.19,27.81,ON
2026-08-05 23:23:50,28.19,27.81,ON
2026-08-05 23:23:51,28.12,27.81,ON
2026-08-05 23:23:53,28.19,27.81,ON
2026-08-05 23:23:54,28.12,27.81,ON
2026-08-05 23:23:55,28.19,27.81,ON
2026-08-05 23:23:57,28.12,27.81,ON
2026-08-05 23:23:58,28.12,27.75,ON
2026-08-05 23:23:59,28.12,27.81,ON
2026-08-05 23:24:01,28.19,27.75,ON
2026-08-05 23:24:02,28.19,27.75,ON
2026-08-05 23:24:03,28.12,27.81,ON
2026-08-05 23:24:05,28.12,27.75,ON
2026-08-05 23:24:06,28.19,27.75,ON
2026-08-05 23:24:08,28.12,27.75,ON
2026-08-05 23:24:09,28.19,27.81,ON
2026-08-05 23:24:10,28.12,27.81,ON
2026-08-05 23:24:12,28.12,27.75,ON
2026-08-05 23:24:13,28.12,27.75,ON
2026-08-05 23:24:14,28.12,27.75,ON
2026-08-05 23:24:16,28.12,27.75,ON
2026-08-05 23:24:17,28.12,27.75,ON
2026-08-05 23:24:18,28.12,27.75,ON
2026-08-05 23:24:20,28.12,27.81,ON
2026-08-05 23:24:21,28.12,27.81,ON
2026-08-05 23:24:22,28.12,27.75,ON
2026-08-05 23:24:24,28.12,27.81,ON
2026-08-05 23:24:25,28.12,27.75,ON
2026-08-05 23:24:26,28.12,27.75,ON
2026-08-05 23:24:47,28.12,27.75,ON
2026-08-05 23:24:48,28.12,27.75,ON
2026-08-05 23:24:48,28.12,27.75,ON
2026-08-05 23:24:48,28.12,27.75,ON
2026-08-05 23:24:48,28.12,27.75,ON
2026-08-05 23:24:48,28.12,27.75,ON
2026-08-05 23:24:48,28.12,27.75,ON
2026-08-05 23:24:48,28.12,27.75,ON
2026-08-05 23:24:48,28.12,27.75,ON
2026-08-05 23:24:48,28.12,27.75,ON
2026-08-05 23:24:48,28.12,27.75,ON
2026-08-05 23:24:48,28.12,27.75,ON
2026-08-05 23:24:48,28.12,27.75,ON
2026-08-05 23:24:48,28.12,27.75,ON
2026-08-05 23:24:48,28.12,27.75,ON
2026-08-05 23:24:48,28.12,27.75,ON
2026-08-05 23:24:49,28.12,27.75,ON
2026-08-05 23:24:51,28.12,27.75,ON
2026-08-05 23:24:52,28.12,27.75,ON
2026-08-05 23:24:53,28.12,27.75,ON
2026-08-05 23:24:55,28.12,27.75,ON
2026-08-05 23:24:56,28.12,27.75,ON
2026-08-05 23:24:57,28.12,27.69,ON
2026-08-05 23:24:59,28.06,27.75,ON
2026-08-05 23:25:00,28.06,27.75,ON
2026-08-05 23:25:01,28.06,27.75,ON
2026-08-05 23:25:03,28.06,27.75,ON
2026-08-05 23:25:04,28.06,27.69,ON
2026-08-05 23:25:05,28.12,27.75,ON
2026-08-05 23:25:07,28.12,27.75,ON
2026-08-05 23:25:08,28.12,27.69,ON
2026-08-05 23:25:09,28.06,27.75,ON
2026-08-05 23:25:11,28.06,27.75,ON
2026-08-05 23:25:12,28.12,27.75,ON
2026-08-05 23:25:13,28.06,27.69,ON
2026-08-05 23:25:15,28.12,27.75,ON
2026-08-05 23:25:16,28.12,27.75,ON
2026-08-05 23:25:17,28.06,27.75,ON
2026-08-05 23:25:19,28.06,27.75,ON
2026-08-05 23:25:20,28.12,27.75,ON
2026-08-05 23:25:21,28.12,27.69,ON
2026-08-05 23:25:23,28.06,27.69,ON
2026-08-05 23:25:24,28.06,27.75,ON
2026-08-05 23:25:25,28.06,27.75,ON
2026-08-05 23:25:27,28.06,27.69,ON
2026-08-05 23:25:28,28.06,27.69,ON
2026-08-05 23:25:29,28.06,27.69,ON
2026-08-05 23:25:31,28.06,27.75,ON
2026-08-05 23:25:32,28.06,27.75,ON
2026-08-05 23:25:34,28.06,27.75,ON
2026-08-05 23:25:35,28.06,27.75,ON
2026-08-05 23:25:36,28.12,27.75,ON
2026-08-05 23:25:38,28.12,27.69,ON
2026-08-05 23:44:54,28.25,27.94,ON
2026-08-05 23:44:55,28.25,27.94,ON
2026-08-05 23:44:57,28.25,27.94,ON
2026-08-05 23:44:58,28.25,27.94,ON
2026-08-05 23:44:59,28.25,27.94,ON
2026-08-05 23:45:01,28.25,27.94,ON
2026-08-05 23:45:02,28.25,27.94,ON
2026-08-05 23:45:03,28.25,27.94,ON
2026-08-05 23:45:05,28.25,27.94,ON
2026-08-05 23:45:06,28.31,27.94,ON
2026-08-05 23:45:07,28.25,27.94,ON
2026-08-05 23:45:09,28.25,28.00,ON
2026-08-05 23:45:10,28.25,27.94,ON
2026-08-05 23:55:23,28.00,27.81,ON
2026-08-05 23:55:25,28.00,27.81,ON
2026-08-05 23:55:26,28.00,27.81,ON
2026-08-05 23:55:28,28.00,27.81,ON
2026-08-05 23:55:29,28.00,27.81,ON
2026-08-05 23:55:30,28.00,27.81,ON
2026-08-05 23:55:32,28.00,27.81,ON
2026-08-05 23:55:33,28.00,27.87,ON
2026-08-05 23:55:34,28.00,27.87,ON
2026-08-05 23:55:36,28.00,27.81,ON
2026-08-05 23:55:37,28.00,27.81,ON
2026-08-05 23:55:38,28.00,27.81,ON
2026-08-05 23:55:40,28.00,27.87,ON
2026-08-05 23:55:41,28.00,27.87,ON
2026-08-05 23:55:42,28.00,27.87,ON
2026-08-05 23:55:44,28.00,27.81,ON
2026-08-05 23:55:45,28.00,27.87,ON
2026-08-05 23:55:46,28.00,27.87,ON
2026-08-05 23:55:48,28.00,27.87,ON
2026-08-05 23:55:49,28.00,27.87,ON
2026-08-05 23:55:50,28.00,27.87,ON
2026-08-05 23:55:52,28.00,27.87,ON
2026-08-05 23:55:53,28.00,27.87,ON
2026-08-05 23:55:54,28.00,27.87,ON
2026-08-05 23:55:56,28.00,27.81,ON
2026-08-05 23:55:57,28.00,27.87,ON
2026-08-05 23:55:58,28.00,27.87,ON
2026-08-05 23:56:00,28.00,27.87,ON
2026-08-05 23:56:01,28.06,27.87,ON
2026-08-05 23:56:02,28.00,27.87,ON
2026-08-05 23:56:04,28.00,27.87,ON
2026-08-05 23:56:05,28.00,27.87,ON
2026-08-05 23:56:06,28.00,27.87,ON
2026-08-05 23:56:08,28.00,27.87,ON
2026-08-05 23:56:09,28.06,27.87,ON
2026-08-05 23:56:11,28.06,27.87,ON
2026-08-05 23:56:12,28.00,27.87,ON
2026-08-05 23:56:13,28.00,27.87,ON
