timestamp,inlet_temp_c,outlet_temp_c,pump_status
2026-08-06 00:01:18,27.94,27.75,ON
2026-08-06 00:01:19,27.94,27.81,ON
2026-08-06 00:01:20,27.94,27.81,ON
2026-08-06 00:01:22,27.94,27.81,ON
2026-08-06 00:01:23,27.94,27.81,ON
2026-08-06 00:01:24,27.94,27.81,ON
2026-08-06 00:01:26,27.94,27.81,ON
2026-08-06 00:01:27,27.94,27.81,ON
2026-08-06 00:01:28,27.94,27.81,ON
2026-08-06 00:01:30,27.94,27.81,ON
2026-08-06 00:01:31,27.94,27.81,ON
2026-08-06 00:01:32,27.94,27.81,ON
2026-08-06 00:01:34,27.94,27.81,ON
2026-08-06 00:01:35,27.94,27.81,ON
2026-08-06 00:01:36,27.94,27.81,ON
2026-08-06 00:01:38,27.94,27.81,ON
2026-08-06 00:01:39,27.94,27.81,ON
2026-08-06 00:01:40,27.94,27.81,ON
2026-08-06 00:01:42,27.94,27.81,ON
2026-08-06 00:01:43,27.94,27.81,ON
2026-08-06 00:01:44,27.94,27.81,ON
2026-08-06 00:01:46,27.94,27.81,ON
2026-08-06 00:01:47,27.94,27.81,ON
2026-08-06 00:01:49,27.94,27.81,ON
2026-08-06 00:01:50,27.94,27.81,ON
2026-08-06 00:01:51,27.94,27.81,ON
2026-08-06 00:01:53,27.94,27.81,ON
2026-08-06 00:01:54,28.00,27.81,ON
2026-08-06 00:01:55,27.94,27.81,ON
2026-08-06 00:01:57,27.94,27.81,ON
2026-08-06 00:01:58,27.94,27.81,ON
2026-08-06 00:01:59,27.94,27.81,ON
2026-08-06 00:02:01,27.94,27.81,ON
2026-08-06 00:02:02,27.94,27.81,ON
2026-08-06 00:02:03,27.94,27.81,ON
2026-08-06 00:02:05,27.94,27.81,ON
2026-08-06 00:02:06,27.94,27.81,ON
2026-08-06 00:02:07,28.00,27.81,ON
2026-08-06 00:02:09,27.94,27.81,ON
2026-08-06 00:02:10,28.00,27.81,ON
2026-08-06 00:02:11,28.00,27.81,ON
2026-08-06 00:02:13,27.94,27.81,ON
2026-08-06 00:02:14,27.94,27.81,ON
2026-08-06 00:02:15,27.94,27.81,ON
2026-08-06 00:02:17,27.94,27.81,ON
2026-08-06 00:02:18,27.94,27.81,ON
2026-08-06 00:02:19,27.94,27.81,ON
2026-08-06 00:02:21,28.00,27.81,ON
2026-08-06 00:02:22,28.00,27.81,ON
2026-08-06 00:02:23,28.00,27.87,ON
2026-08-06 00:02:25,28.00,27.81,ON
2026-08-06 00:02:26,27.94,27.81,ON
2026-08-06 00:02:27,27.94,27.81,ON
2026-08-06 00:02:29,27.94,27.87,ON
2026-08-06 00:02:30,28.00,27.87,ON
2026-08-06 00:02:32,28.00,27.81,ON
2026-08-06 00:02:33,27.94,27.87,ON
2026-08-06 00:02:34,28.00,27.87,ON
2026-08-06 00:02:36,28.00,27.81,ON
2026-08-06 00:02:37,27.94,27.81,ON
2026-08-06 00:02:38,27.94,27.81,ON
2026-08-06 00:02:40,28.00,27.81,ON
2026-08-06 00:02:41,28.00,27.81,ON
2026-08-06 00:02:42,28.00,27.87,ON
2026-08-06 00:02:44,27.94,27.81,ON
2026-08-06 00:02:45,28.00,27.81,ON
2026-08-06 00:02:46,28.00,27.87,ON
2026-08-06 00:02:48,28.00,27.87,ON
2026-08-06 00:03:31,27.94,27.81,ON
2026-08-06 00:03:32,27.94,27.81,ON
2026-08-06 00:03:33,27.94,27.81,ON
2026-08-06 00:03:35,27.94,27.81,ON
2026-08-06 00:03:36,27.94,27.81,ON
2026-08-06 00:03:37,27.94,27.81,ON
2026-08-06 00:03:39,27.94,27.81,ON
2026-08-06 00:03:40,28.00,27.81,ON
2026-08-06 00:03:41,27.94,27.81,ON
2026-08-06 00:03:43,27.94,27.81,ON
2026-08-06 00:03:44,27.94,27.81,ON
2026-08-06 00:03:45,27.94,27.81,ON
2026-08-06 00:03:47,27.94,27.81,ON
2026-08-06 00:03:48,27.94,27.81,ON
2026-08-06 00:03:50,27.94,27.81,ON
2026-08-06 00:03:51,27.94,27.81,ON
2026-08-06 00:03:52,28.00,27.81,ON
2026-08-06 00:03:54,27.94,27.81,ON
2026-08-06 00:03:55,28.00,27.81,ON
2026-08-06 00:03:56,27.94,27.81,ON
2026-08-06 00:03:58,27.94,27.81,ON
2026-08-06 00:03:59,27.94,27.81,ON
2026-08-06 00:04:00,27.94,27.81,ON
2026-08-06 00:04:02,28.00,27.81,ON
2026-08-06 00:04:03,27.94,27.81,ON
2026-08-06 00:04:04,27.94,27.81,ON
2026-08-06 00:04:06,27.94,27.87,ON
2026-08-06 00:04:07,28.00,27.87,ON
2026-08-06 00:04:08,27.94,27.81,ON
2026-08-06 00:04:10,28.00,27.81,ON
2026-08-06 00:04:11,28.00,27.81,ON
2026-08-06 00:04:12,27.94,27.81,ON
2026-08-06 00:04:14,28.00,27.81,ON
2026-08-06 00:04:15,27.94,27.81,ON
2026-08-06 00:04:16,28.00,27.87,ON
2026-08-06 00:04:18,28.00,27.81,ON
2026-08-06 00:04:19,28.00,27.81,ON
2026-08-06 00:04:20,28.00,27.81,ON
2026-08-06 00:04:22,28.00,27.87,ON
2026-08-06 00:04:23,28.00,27.81,ON
2026-08-06 00:04:24,28.00,27.87,ON
2026-08-06 00:04:26,28.00,27.81,ON
2026-08-06 00:04:27,28.00,27.81,ON
2026-08-06 00:04:28,28.00,27.87,ON
2026-08-06 00:04:30,28.00,27.81,ON
2026-08-06 00:04:31,28.00,27.87,ON
2026-08-06 00:04:33,28.00,27.87,ON
2026-08-06 00:04:34,28.00,27.87,ON
2026-08-06 00:04:35,28.00,27.87,ON
2026-08-06 00:04:37,28.00,27.87,ON
2026-08-06 00:04:38,28.00,27.87,ON
2026-08-06 00:04:39,28.00,27.81,ON
2026-08-06 00:04:41,28.00,27.81,ON
2026-08-06 00:04:42,28.00,27.87,ON
2026-08-06 00:04:43,28.00,27.81,ON
2026-08-06 00:04:45,28.00,27.87,ON
2026-08-06 00:04:46,28.00,27.81,ON
2026-08-06 00:04:47,28.00,27.81,ON
2026-08-06 00:04:49,28.00,27.87,ON
2026-08-06 00:04:50,28.00,27.87,ON
2026-08-06 00:04:51,28.00,27.81,ON
2026-08-06 00:04:53,28.00,27.81,ON
2026-08-06 00:04:54,28.00,27.81,ON
2026-08-06 00:04:55,28.00,27.87,ON
2026-08-06 00:04:57,28.00,27.81,ON
2026-08-06 00:04:58,28.00,27.87,ON
2026-08-06 00:04:59,28.00,27.87,ON
2026-08-06 00:05:01,28.00,27.81,ON
2026-08-06 00:05:02,28.00,27.87,ON
2026-08-06 00:05:03,28.00,27.87,ON
2026-08-06 00:05:05,28.00,27.87,ON
2026-08-06 00:05:06,28.00,27.81,ON
2026-08-06 00:05:07,28.00,27.87,ON
2026-08-06 00:05:09,28.00,27.87,ON
2026-08-06 00:05:10,28.00,27.87,ON
2026-08-06 00:05:11,28.00,27.81,ON
2026-08-06 00:05:13,28.00,27.87,ON
2026-08-06 00:05:14,28.00,27.87,ON
2026-08-06 00:05:16,28.00,27.87,ON
2026-08-06 00:05:17,28.00,27.87,ON
2026-08-06 00:05:18,28.00,27.87,ON
2026-08-06 00:05:20,28.00,27.87,ON
2026-08-06 00:05:21,28.00,27.87,ON
2026-08-06 00:05:22,28.00,27.81,ON
2026-08-06 00:05:24,28.00,27.87,ON
2026-08-06 00:05:25,28.00,27.87,ON
2026-08-06 00:05:26,28.00,27.87,ON
2026-08-06 00:05:28,28.00,27.87,ON
2026-08-06 00:05:29,28.06,27.87,ON
2026-08-06 00:05:30,28.00,27.87,ON
2026-08-06 00:05:32,28.00,27.87,ON
2026-08-06 00:05:33,28.00,27.87,ON
2026-08-06 00:05:34,28.00,27.87,ON
2026-08-06 00:05:36,28.00,27.81,ON
2026-08-06 00:05:37,28.00,27.87,ON
2026-08-06 00:05:38,28.00,27.87,ON
2026-08-06 00:05:40,28.00,27.87,ON
2026-08-06 00:05:41,28.00,27.87,ON
2026-08-06 00:05:42,28.00,27.87,ON
2026-08-06 00:05:44,28.00,27.87,ON
2026-08-06 00:05:45,28.00,27.87,ON
2026-08-06 00:05:46,28.00,27.87,ON
2026-08-06 00:05:48,28.00,27.81,ON
2026-08-06 00:05:49,28.00,27.87,ON
2026-08-06 00:05:50,28.00,27.81,ON
2026-08-06 00:05:52,28.00,27.87,ON
2026-08-06 00:05:53,28.06,27.87,ON
2026-08-06 00:05:54,28.00,27.87,ON
2026-08-06 00:05:56,28.00,27.87,ON
2026-08-06 00:05:57,28.00,27.87,ON
2026-08-06 00:05:59,28.00,27.87,ON
2026-08-06 00:06:00,28.00,27.87,ON
2026-08-06 00:06:01,28.00,27.87,ON
2026-08-06 00:06:03,28.00,27.87,ON
2026-08-06 00:06:04,28.06,27.87,ON
2026-08-06 00:06:05,28.06,27.87,ON
2026-08-06 00:06:07,28.00,27.87,ON
2026-08-06 00:06:08,28.06,27.87,ON
2026-08-06 00:06:09,28.00,27.87,ON
2026-08-06 00:06:11,28.00,27.87,ON
2026-08-06 00:06:12,28.00,27.87,ON
2026-08-06 00:06:13,28.06,27.87,ON
2026-08-06 00:06:15,28.00,27.87,ON
2026-08-06 00:06:16,28.06,27.87,ON
2026-08-06 00:06:17,28.06,27.87,ON
2026-08-06 00:06:19,28.00,27.87,ON
2026-08-06 00:06:20,28.06,27.87,ON
2026-08-06 00:06:21,28.06,27.87,ON
2026-08-06 00:06:23,28.06,27.87,ON
2026-08-06 00:06:24,28.00,27.87,ON
2026-08-06 00:06:25,28.06,27.87,ON
2026-08-06 00:06:27,28.00,27.87,ON
2026-08-06 00:06:28,28.00,27.87,ON
2026-08-06 00:06:29,28.06,27.87,ON
2026-08-06 00:06:31,28.06,27.87,ON
2026-08-06 00:06:32,28.06,27.87,ON
2026-08-06 00:06:33,28.06,27.87,ON
2026-08-06 00:06:35,28.06,27.87,ON
2026-08-06 00:06:36,28.00,27.87,ON
2026-08-06 00:06:38,28.06,27.87,ON
2026-08-06 00:06:39,28.06,27.87,ON
2026-08-06 00:06:40,28.00,27.87,ON
2026-08-06 00:06:42,28.06,27.87,ON
2026-08-06 00:06:43,28.06,27.87,ON
2026-08-06 00:06:44,28.06,27.87,ON
2026-08-06 00:06:46,28.06,27.87,ON
2026-08-06 00:06:47,28.06,27.87,ON
2026-08-06 00:06:48,28.06,27.87,ON
2026-08-06 00:06:50,28.06,27.87,ON
2026-08-06 00:06:51,28.06,27.87,ON
2026-08-06 00:06:52,28.06,27.87,ON
2026-08-06 00:06:54,28.00,27.87,ON
2026-08-06 00:06:55,28.06,27.87,ON
2026-08-06 00:06:56,28.06,27.87,ON
2026-08-06 00:06:58,28.06,27.87,ON
2026-08-06 00:06:59,28.06,27.87,ON
2026-08-06 00:07:00,28.06,27.87,ON
2026-08-06 00:07:02,28.06,27.87,ON
2026-08-06 00:07:03,28.06,27.87,ON
2026-08-06 00:07:04,28.06,27.87,ON
2026-08-06 00:07:06,28.06,27.87,ON
2026-08-06 00:07:07,28.00,27.87,ON
2026-08-06 00:07:08,28.06,27.87,ON
2026-08-06 00:07:10,28.06,27.87,ON
2026-08-06 00:07:11,28.06,27.87,ON
2026-08-06 00:07:12,28.06,27.87,ON
2026-08-06 00:07:14,28.06,27.87,ON
2026-08-06 00:07:15,28.06,27.87,ON
2026-08-06 00:07:16,28.06,27.87,ON
2026-08-06 00:07:18,28.06,27.87,ON
2026-08-06 00:07:19,28.06,27.87,ON
2026-08-06 00:07:21,28.06,27.87,ON
2026-08-06 00:07:22,28.06,27.87,ON
2026-08-06 00:07:23,28.06,27.87,ON
2026-08-06 00:07:25,28.06,27.87,ON
2026-08-06 00:07:26,28.06,27.87,ON
2026-08-06 00:07:27,28.06,27.87,ON
2026-08-06 00:07:29,28.00,27.87,ON
2026-08-06 00:07:30,28.06,27.87,ON
2026-08-06 00:07:31,28.06,27.94,ON
2026-08-06 00:07:33,28.06,27.87,ON
2026-08-06 00:07:34,28.06,27.94,ON
2026-08-06 00:09:21,28.00,27.87,ON
2026-08-06 00:09:23,28.06,27.87,ON
2026-08-06 00:09:24,28.06,27.81,ON
2026-08-06 00:09:25,28.06,27.81,ON
2026-08-06 00:09:27,28.06,27.81,ON
2026-08-06 00:09:28,28.00,27.81,ON
2026-08-06 00:09:29,28.00,27.87,ON
2026-08-06 00:09:31,28.06,27.87,ON
2026-08-06 00:09:32,28.06,27.81,ON
2026-08-06 00:09:33,28.06,27.87,ON
2026-08-06 00:09:35,28.06,27.81,ON
2026-08-06 00:09:36,28.06,27.87,ON
2026-08-06 00:09:38,28.06,27.87,ON
2026-08-06 00:09:39,28.06,27.87,ON
2026-08-06 00:09:40,28.06,27.87,ON
2026-08-06 00:09:42,28.06,27.81,ON
2026-08-06 00:09:47,28.06,27.87,ON
2026-08-06 00:09:48,28.06,27.87,ON
2026-08-06 00:09:50,28.06,27.87,ON
2026-08-06 00:09:51,28.06,27.87,ON
2026-08-06 00:09:53,28.06,27.87,ON
2026-08-06 00:09:54,28.06,27.87,ON
2026-08-06 00:09:55,28.06,27.87,ON
2026-08-06 00:09:57,28.06,27.87,ON
2026-08-06 00:09:58,28.06,27.87,ON
2026-08-06 00:09:59,28.06,27.87,ON
2026-08-06 00:10:01,28.06,27.87,ON
2026-08-06 00:10:02,28.06,27.87,ON
2026-08-06 00:10:03,28.06,27.87,ON
2026-08-06 00:10:05,28.06,27.87,ON
2026-08-06 00:10:06,28.12,27.87,ON
2026-08-06 00:10:07,28.06,27.87,ON
2026-08-06 00:10:09,28.06,27.87,ON
2026-08-06 00:10:10,28.06,27.87,ON
2026-08-06 00:10:11,28.06,27.87,ON
2026-08-06 00:10:13,28.12,27.87,ON
2026-08-06 00:10:14,28.12,27.87,ON
2026-08-06 00:10:15,28.12,27.87,ON
2026-08-06 00:10:17,28.12,27.87,ON
2026-08-06 00:10:18,28.12,27.87,ON
2026-08-06 00:10:19,28.06,27.87,ON
2026-08-06 00:10:21,28.12,27.87,ON
2026-08-06 00:10:22,28.12,27.87,ON
2026-08-06 00:10:23,28.06,27.87,ON
2026-08-06 00:10:25,28.12,27.87,ON
2026-08-06 00:10:26,28.12,27.87,ON
2026-08-06 00:10:27,28.12,27.87,ON
2026-08-06 00:10:29,28.12,27.87,ON
2026-08-06 00:10:30,28.12,27.87,ON
2026-08-06 00:10:31,28.12,27.87,ON
2026-08-06 00:10:33,28.12,27.87,ON
2026-08-06 00:10:34,28.12,27.94,ON
2026-08-06 00:10:36,28.12,27.87,ON
2026-08-06 00:10:37,28.12,27.87,ON
2026-08-06 00:10:38,28.12,27.94,ON
2026-08-06 00:10:40,28.12,27.87,ON
2026-08-06 00:10:41,28.12,27.87,ON
2026-08-06 00:10:42,28.12,27.94,ON
2026-08-06 00:10:44,28.12,27.87,ON
2026-08-06 00:10:45,28.12,27.87,ON
2026-08-06 00:10:46,28.12,27.87,ON
2026-08-06 00:10:48,28.12,27.87,ON
2026-08-06 00:10:49,28.12,27.87,ON
2026-08-06 00:10:50,28.12,27.94,ON
2026-08-06 00:10:52,28.19,27.94,ON
2026-08-06 00:10:53,28.12,27.87,ON
2026-08-06 00:10:54,28.19,27.87,ON
2026-08-06 00:10:56,28.12,27.87,ON
2026-08-06 00:10:57,28.12,27.87,ON
2026-08-06 00:10:58,28.12,27.87,ON
2026-08-06 00:11:00,28.12,27.87,ON
2026-08-06 00:11:01,28.12,27.94,ON
2026-08-06 00:11:02,28.12,27.94,ON
2026-08-06 00:11:04,28.12,27.87,ON
2026-08-06 00:11:05,28.12,27.87,ON
2026-08-06 00:11:06,28.12,27.87,ON
2026-08-06 00:11:08,28.12,27.87,ON
2026-08-06 00:11:09,28.12,27.87,ON
2026-08-06 00:11:10,28.12,27.87,ON
2026-08-06 00:11:12,28.12,27.94,ON
2026-08-06 00:11:13,28.12,27.87,ON
2026-08-06 00:11:15,28.12,27.94,ON
2026-08-06 00:11:16,28.12,27.87,ON
2026-08-06 00:11:17,28.12,27.94,ON
2026-08-06 00:11:19,28.19,27.94,ON
2026-08-06 00:11:20,28.12,27.94,ON
2026-08-06 00:11:21,28.19,27.87,ON
2026-08-06 00:11:23,28.12,27.87,ON
2026-08-06 00:12:18,28.19,27.94,ON
2026-08-06 00:12:20,28.19,27.94,ON
2026-08-06 00:12:21,28.19,27.94,ON
2026-08-06 00:12:22,28.19,27.94,ON
2026-08-06 00:12:24,28.19,27.94,ON
2026-08-06 00:12:25,28.19,27.94,ON
2026-08-06 00:12:26,28.25,27.94,ON
2026-08-06 00:12:28,28.19,27.94,ON
2026-08-06 00:12:29,28.19,27.94,ON
2026-08-06 00:12:30,28.25,27.94,ON
2026-08-06 00:12:32,28.19,27.94,ON
2026-08-06 00:12:33,28.19,27.94,ON
2026-08-06 00:12:34,28.19,27.94,ON
2026-08-06 00:12:36,28.25,27.94,ON
2026-08-06 00:12:37,28.19,27.94,ON
2026-08-06 00:12:38,28.19,27.94,ON
2026-08-06 00:12:40,28.19,27.94,ON
2026-08-06 00:12:41,28.25,27.94,ON
2026-08-06 00:12:43,28.19,27.94,ON
2026-08-06 00:12:44,28.19,27.94,ON
2026-08-06 00:12:45,28.19,27.94,ON
2026-08-06 00:12:47,28.25,27.94,ON
2026-08-06 00:12:48,28.19,27.94,ON
2026-08-06 00:12:49,28.25,27.94,ON
2026-08-06 00:12:51,28.25,27.94,ON
2026-08-06 00:12:52,28.19,27.94,ON
2026-08-06 00:12:53,28.19,27.94,ON
2026-08-06 00:12:55,28.19,27.94,ON
2026-08-06 00:12:56,28.25,27.94,ON
2026-08-06 00:12:57,28.25,27.94,ON
2026-08-06 00:12:59,28.19,27.94,ON
2026-08-06 00:13:00,28.25,27.94,ON
2026-08-06 00:13:01,28.25,27.94,ON
2026-08-06 00:13:03,28.25,27.94,ON
2026-08-06 00:13:04,28.25,27.94,ON
2026-08-06 00:27:52,28.37,28.00,OFF
2026-08-06 00:27:53,28.37,28.00,OFF
2026-08-06 00:27:54,28.37,28.06,OFF
2026-08-06 00:27:56,28.37,28.00,OFF
2026-08-06 00:27:57,28.37,28.06,OFF
2026-08-06 00:27:58,28.37,28.00,OFF
2026-08-06 00:28:00,28.37,28.06,OFF
2026-08-06 00:28:01,28.37,28.00,OFF
2026-08-06 00:28:02,28.37,28.00,OFF
2026-08-06 00:28:04,28.37,28.06,OFF
2026-08-06 00:28:05,28.37,28.06,OFF
2026-08-06 00:28:06,28.37,28.06,OFF
2026-08-06 00:28:08,28.37,28.00,OFF
2026-08-06 00:28:09,28.37,28.06,OFF
2026-08-06 00:28:10,28.37,28.06,OFF
2026-08-06 00:28:12,28.37,28.06,OFF
2026-08-06 00:28:13,28.37,28.06,OFF
2026-08-06 00:28:14,28.37,28.06,OFF
2026-08-06 00:28:16,28.37,28.06,OFF
2026-08-06 00:28:17,28.37,28.06,OFF
2026-08-06 00:28:18,28.37,28.00,OFF
2026-08-06 00:28:20,28.37,28.06,OFF
2026-08-06 00:28:21,28.37,28.06,OFF
2026-08-06 00:28:22,28.37,28.06,ON
2026-08-06 00:28:24,28.37,28.06,OFF
2026-08-06 00:28:25,28.44,28.06,OFF
2026-08-06 00:28:26,28.37,28.06,OFF
2026-08-06 00:28:28,28.37,28.06,OFF
2026-08-06 00:28:29,28.37,28.06,ON
2026-08-06 00:28:30,28.37,28.06,OFF
2026-08-06 00:28:32,28.37,28.06,OFF
2026-08-06 00:28:33,28.37,28.06,OFF
2026-08-06 00:28:34,28.37,28.06,ON
2026-08-06 00:28:36,28.37,28.06,OFF
2026-08-06 00:28:37,28.37,28.06,OFF
2026-08-06 00:28:38,28.37,28.06,OFF
2026-08-06 00:28:40,28.37,28.06,OFF
2026-08-06 00:28:41,28.37,28.06,OFF
2026-08-06 00:28:42,28.37,28.00,OFF
2026-08-06 00:28:44,28.37,28.06,OFF
2026-08-06 00:28:45,28.37,28.06,OFF
2026-08-06 00:28:46,28.37,28.06,OFF
2026-08-06 00:28:48,28.37,28.06,OFF
2026-08-06 00:28:49,28.37,28.06,OFF
2026-08-06 00:28:50,28.37,28.00,OFF
2026-08-06 00:28:52,28.37,28.06,OFF
2026-08-06 00:28:53,28.37,28.06,OFF
2026-08-06 00:28:54,28.37,28.06,OFF
2026-08-06 00:28:56,28.37,28.06,OFF
2026-08-06 00:28:57,28.44,28.06,OFF
2026-08-06 00:28:58,28.37,28.06,OFF
2026-08-06 00:29:00,28.37,28.00,OFF
2026-08-06 00:29:01,28.44,28.06,OFF
2026-08-06 00:29:02,28.37,28.00,OFF
2026-08-06 00:29:04,28.37,28.06,OFF
2026-08-06 00:29:05,28.37,28.06,OFF
2026-08-06 00:29:06,28.37,28.06,OFF
2026-08-06 00:29:08,28.37,28.06,OFF
2026-08-06 00:29:09,28.44,28.06,OFF
2026-08-06 00:29:10,28.37,28.06,OFF
2026-08-06 00:29:12,28.44,28.06,OFF
2026-08-06 00:29:13,28.37,28.06,OFF
2026-08-06 00:29:14,28.37,28.06,OFF
2026-08-06 00:29:16,28.37,28.06,OFF
2026-08-06 00:29:17,28.37,28.06,OFF
2026-08-06 00:29:18,28.44,28.06,OFF
2026-08-06 00:29:20,28.37,28.06,OFF
2026-08-06 00:29:21,28.37,28.06,OFF
2026-08-06 00:29:22,28.37,28.00,OFF
2026-08-06 00:29:24,28.37,28.06,OFF
2026-08-06 00:29:25,28.37,28.06,OFF
2026-08-06 00:29:26,28.37,28.06,OFF
2026-08-06 00:29:28,28.37,28.06,OFF
2026-08-06 00:29:29,28.37,28.06,OFF
2026-08-06 00:29:30,28.37,28.06,OFF
2026-08-06 00:29:32,28.37,28.06,OFF
2026-08-06 00:29:33,28.37,28.06,OFF
2026-08-06 00:29:34,28.37,28.06,OFF
2026-08-06 00:29:36,28.37,28.06,OFF
2026-08-06 00:29:37,28.37,28.06,OFF
2026-08-06 00:29:38,28.37,28.06,OFF
2026-08-06 00:29:40,28.37,28.06,OFF
2026-08-06 00:29:41,28.44,28.06,OFF
2026-08-06 00:29:42,28.37,28.06,OFF
2026-08-06 00:29:44,28.44,28.06,OFF
2026-08-06 00:29:45,28.37,28.06,OFF
2026-08-06 00:29:46,28.37,28.06,OFF
2026-08-06 00:29:48,28.37,28.06,OFF
2026-08-06 00:29:49,28.37,28.06,OFF
2026-08-06 00:29:50,28.37,28.06,OFF
2026-08-06 00:29:52,28.37,28.06,OFF
2026-08-06 00:29:53,28.37,28.06,OFF
2026-08-06 00:29:54,28.37,28.06,OFF
2026-08-06 00:29:56,28.37,28.06,OFF
2026-08-06 00:29:57,28.37,28.06,OFF
2026-08-06 00:29:58,28.37,28.06,OFF
2026-08-06 00:30:00,28.37,28.06,OFF
2026-08-06 00:30:01,28.44,28.06,OFF
2026-08-06 00:30:02,28.37,28.06,OFF
2026-08-06 00:30:04,28.37,28.06,OFF
2026-08-06 00:30:05,28.37,28.06,OFF
2026-08-06 00:30:06,28.37,28.06,OFF
2026-08-06 00:30:08,28.37,28.06,OFF
2026-08-06 00:30:09,28.37,28.06,OFF
2026-08-06 00:30:10,28.37,28.06,OFF
2026-08-06 00:30:12,28.44,28.06,OFF
2026-08-06 00:30:13,28.37,28.06,OFF
2026-08-06 00:30:14,28.37,28.06,OFF
2026-08-06 00:30:16,28.37,28.06,OFF
2026-08-06 00:30:17,28.37,28.06,OFF
2026-08-06 00:30:18,28.37,28.06,OFF
2026-08-06 00:30:20,28.37,28.06,OFF
2026-08-06 00:30:21,28.37,28.06,OFF
2026-08-06 00:30:22,28.37,28.06,OFF
2026-08-06 00:30:24,28.37,28.06,OFF
2026-08-06 00:30:25,28.37,28.06,OFF
2026-08-06 00:30:26,28.37,28.06,OFF
2026-08-06 00:30:28,28.37,28.06,OFF
2026-08-06 00:30:29,28.37,28.06,OFF
2026-08-06 00:30:30,28.37,28.06,OFF
2026-08-06 00:30:32,28.37,28.06,OFF
2026-08-06 00:30:33,28.37,28.06,OFF
2026-08-06 00:30:34,28.37,28.06,OFF
2026-08-06 00:30:36,28.37,28.06,OFF
2026-08-06 00:30:37,28.37,28.00,OFF
2026-08-06 00:30:38,28.37,28.06,OFF
2026-08-06 00:30:40,28.37,28.06,OFF
2026-08-06 00:30:41,28.37,28.06,OFF
2026-08-06 00:30:42,28.37,28.06,OFF
2026-08-06 00:30:44,28.37,28.06,OFF
2026-08-06 00:30:45,28.37,28.06,OFF
2026-08-06 00:30:46,28.37,28.06,OFF
2026-08-06 00:30:48,28.37,28.06,OFF
2026-08-06 00:30:49,28.37,28.06,OFF
2026-08-06 00:30:50,28.37,28.06,OFF
2026-08-06 00:30:52,28.37,28.06,OFF
2026-08-06 00:30:53,28.37,28.06,OFF
2026-08-06 00:30:54,28.37,28.06,OFF
2026-08-06 00:30:56,28.37,28.00,OFF
2026-08-06 00:30:57,28.37,28.06,OFF
2026-08-06 00:30:58,28.37,28.06,OFF
2026-08-06 00:31:00,28.37,28.06,OFF
2026-08-06 00:31:01,28.37,28.00,OFF
2026-08-06 00:31:02,28.37,28.06,OFF
2026-08-06 00:31:04,28.37,28.06,OFF
2026-08-06 00:31:05,28.37,28.06,OFF
2026-08-06 00:31:06,28.37,28.06,OFF
2026-08-06 00:31:08,28.37,28.06,OFF
2026-08-06 00:31:09,28.37,28.06,OFF
2026-08-06 00:31:10,28.37,28.06,OFF
2026-08-06 00:31:12,28.37,28.06,OFF
2026-08-06 00:31:13,28.37,28.06,OFF
2026-08-06 00:31:14,28.37,28.06,OFF
2026-08-06 00:31:16,28.37,28.06,OFF
2026-08-06 00:31:17,28.37,28.06,OFF
2026-08-06 00:31:18,28.37,28.06,OFF
2026-08-06 00:31:20,28.37,28.06,OFF
2026-08-06 00:31:21,28.37,28.06,OFF
2026-08-06 00:31:22,28.37,28.06,OFF
2026-08-06 00:31:24,28.44,28.06,OFF
2026-08-06 00:31:25,28.37,28.06,OFF
2026-08-06 00:31:26,28.37,28.06,OFF
2026-08-06 00:31:28,28.37,28.06,OFF
2026-08-06 00:31:29,28.37,28.06,OFF
2026-08-06 00:31:30,28.37,28.06,OFF
2026-08-06 00:31:32,28.37,28.06,OFF
2026-08-06 00:31:33,28.37,28.06,OFF
2026-08-06 00:31:34,28.37,28.06,OFF
2026-08-06 00:31:36,28.37,28.06,OFF
2026-08-06 00:31:37,28.37,28.06,OFF
2026-08-06 00:31:38,28.37,28.06,OFF
2026-08-06 00:31:40,28.37,28.06,OFF
2026-08-06 00:31:41,28.37,28.06,OFF
2026-08-06 00:31:42,28.37,28.06,OFF
2026-08-06 00:31:44,28.37,28.06,OFF
2026-08-06 00:31:45,28.37,28.06,OFF
2026-08-06 00:31:46,28.37,28.06,OFF
2026-08-06 00:31:48,28.37,28.06,OFF
2026-08-06 00:31:49,28.37,28.06,OFF
2026-08-06 00:31:50,28.37,28.06,OFF
2026-08-06 00:31:52,28.37,28.06,OFF
2026-08-06 00:31:53,28.37,28.06,OFF
2026-08-06 00:31:54,28.44,28.06,OFF
2026-08-06 00:31:56,28.37,28.06,OFF
2026-08-06 00:31:57,28.37,28.06,OFF
2026-08-06 00:31:58,28.44,28.06,OFF
2026-08-06 00:32:00,28.37,28.06,OFF
2026-08-06 00:32:01,28.37,28.06,OFF
2026-08-06 00:32:02,28.44,28.06,OFF
2026-08-06 00:32:04,28.37,28.06,OFF
2026-08-06 00:32:05,28.37,28.06,OFF
2026-08-06 00:32:06,28.37,28.06,OFF
2026-08-06 00:32:08,28.44,28.06,OFF
2026-08-06 00:32:09,28.37,28.06,OFF
2026-08-06 00:32:10,28.44,28.06,OFF
2026-08-06 00:32:12,28.37,28.06,OFF
2026-08-06 00:32:13,28.37,28.06,OFF
2026-08-06 00:32:14,28.44,28.06,OFF
2026-08-06 00:32:16,28.37,28.06,OFF
2026-08-06 00:32:17,28.37,28.06,OFF
2026-08-06 00:32:18,28.37,28.06,OFF
2026-08-06 00:32:20,28.37,28.06,OFF
2026-08-06 00:32:21,28.44,28.06,OFF
2026-08-06 00:32:22,28.37,28.06,OFF
2026-08-06 00:32:24,28.44,28.06,OFF
2026-08-06 00:32:25,28.37,28.06,OFF
2026-08-06 00:32:26,28.44,28.06,OFF
2026-08-06 00:32:28,28.37,28.06,OFF
2026-08-06 00:32:29,28.37,28.06,OFF
2026-08-06 00:32:30,28.44,28.06,OFF
2026-08-06 00:32:32,28.37,28.06,OFF
2026-08-06 00:32:33,28.37,28.06,OFF
2026-08-06 00:32:34,28.37,28.06,OFF
2026-08-06 00:32:36,28.44,28.06,OFF
2026-08-06 00:32:37,28.37,28.06,OFF
2026-08-06 00:32:38,28.37,28.06,OFF
2026-08-06 00:32:40,28.37,28.06,OFF
2026-08-06 00:32:41,28.37,28.06,OFF
2026-08-06 00:32:42,28.37,28.06,OFF
2026-08-06 00:32:43,28.37,28.06,OFF
2026-08-06 00:32:45,28.37,28.06,OFF
2026-08-06 00:32:46,28.37,28.06,OFF
2026-08-06 00:32:47,28.37,28.06,OFF
2026-08-06 00:32:49,28.37,28.06,OFF
2026-08-06 00:32:50,28.37,28.06,OFF
2026-08-06 00:32:51,28.37,28.06,OFF
2026-08-06 00:32:53,28.37,28.06,OFF
2026-08-06 00:32:54,28.37,28.06,OFF
2026-08-06 00:32:55,28.31,28.06,OFF
2026-08-06 00:32:57,28.31,28.06,OFF
2026-08-06 00:32:58,28.37,28.06,OFF
2026-08-06 00:32:59,28.31,28.06,OFF
2026-08-06 00:33:01,28.37,28.06,OFF
2026-08-06 00:33:02,28.37,28.06,OFF
2026-08-06 00:33:03,28.37,28.00,OFF
2026-08-06 00:33:05,28.37,28.06,OFF
2026-08-06 00:33:06,28.31,28.06,OFF
2026-08-06 00:33:07,28.31,28.06,OFF
2026-08-06 00:33:09,28.37,28.06,OFF
2026-08-06 00:33:10,28.31,28.06,OFF
2026-08-06 00:33:11,28.31,28.06,OFF
2026-08-06 00:33:13,28.31,28.00,OFF
2026-08-06 00:33:14,28.31,28.06,OFF
2026-08-06 00:33:15,28.31,28.06,OFF
2026-08-06 00:33:17,28.31,28.06,OFF
2026-08-06 00:33:18,28.31,28.06,OFF
2026-08-06 00:33:19,28.31,28.00,OFF
2026-08-06 00:33:21,28.31,28.06,OFF
2026-08-06 00:33:22,28.31,28.06,OFF
2026-08-06 00:33:23,28.37,28.06,OFF
2026-08-06 00:33:25,28.31,28.06,OFF
2026-08-06 00:33:26,28.31,28.06,OFF
2026-08-06 00:33:27,28.31,28.06,OFF
2026-08-06 00:33:29,28.31,28.06,OFF
2026-08-06 00:33:30,28.31,28.06,OFF
2026-08-06 00:33:31,28.31,28.06,OFF
2026-08-06 00:33:33,28.31,28.00,OFF
2026-08-06 00:33:34,28.31,28.06,OFF
2026-08-06 00:33:35,28.31,28.06,OFF
2026-08-06 00:33:37,28.31,28.06,OFF
2026-08-06 00:33:38,28.31,28.00,OFF
2026-08-06 00:33:39,28.31,28.06,OFF
2026-08-06 00:33:41,28.31,28.06,OFF
2026-08-06 00:33:42,28.31,28.06,OFF
2026-08-06 00:33:43,28.31,28.06,OFF
2026-08-06 00:33:45,28.31,28.06,OFF
2026-08-06 00:33:46,28.31,28.06,OFF
2026-08-06 00:33:47,28.31,28.06,OFF
2026-08-06 00:33:49,28.31,28.06,OFF
2026-08-06 00:33:50,28.31,28.06,OFF
2026-08-06 00:33:51,28.31,28.06,OFF
2026-08-06 00:33:53,28.31,28.06,OFF
2026-08-06 00:33:54,28.31,28.06,OFF
2026-08-06 00:33:55,28.37,28.06,OFF
2026-08-06 00:33:57,28.31,28.06,OFF
2026-08-06 00:33:58,28.31,28.06,OFF
2026-08-06 00:33:59,28.31,28.00,OFF
2026-08-06 00:34:01,28.31,28.06,OFF
2026-08-06 00:34:02,28.31,28.06,OFF
2026-08-06 00:34:03,28.31,28.06,OFF
2026-08-06 00:34:05,28.31,28.06,OFF
2026-08-06 00:34:06,28.31,28.00,OFF
2026-08-06 00:34:07,28.31,28.06,OFF
2026-08-06 00:34:09,28.31,28.06,OFF
2026-08-06 00:34:10,28.31,28.06,OFF
2026-08-06 00:34:11,28.31,28.06,OFF
2026-08-06 00:34:13,28.31,28.06,OFF
2026-08-06 00:34:14,28.31,28.06,OFF
2026-08-06 00:35:13,28.31,28.06,OFF
2026-08-06 00:35:15,28.31,28.06,OFF
2026-08-06 00:35:16,28.31,28.06,OFF
2026-08-06 00:35:17,28.31,28.06,OFF
2026-08-06 00:35:19,28.31,28.06,OFF
2026-08-06 00:35:20,28.31,28.06,OFF
2026-08-06 00:35:21,28.31,28.06,OFF
2026-08-06 00:35:23,28.31,28.06,OFF
2026-08-06 00:35:24,28.31,28.06,OFF
2026-08-06 00:35:25,28.31,28.06,OFF
2026-08-06 00:35:27,28.31,28.06,OFF
2026-08-06 00:35:28,28.31,28.06,OFF
2026-08-06 00:35:29,28.31,28.06,OFF
2026-08-06 00:35:31,28.31,28.06,OFF
2026-08-06 00:35:32,28.31,28.06,OFF
2026-08-06 00:35:33,28.31,28.06,OFF
2026-08-06 00:35:35,28.31,28.06,OFF
2026-08-06 00:35:36,28.31,28.06,OFF
2026-08-06 00:35:37,28.31,28.06,OFF
2026-08-06 00:35:39,28.31,28.06,OFF
2026-08-06 00:35:40,28.31,28.06,OFF
2026-08-06 00:35:41,28.31,28.06,OFF
2026-08-06 00:35:43,28.31,28.06,OFF
2026-08-06 00:35:44,28.31,28.06,OFF
2026-08-06 00:35:45,28.31,28.06,OFF
2026-08-06 00:35:47,28.31,28.06,OFF
2026-08-06 00:35:48,28.31,28.06,OFF
2026-08-06 00:35:49,28.31,28.06,OFF
2026-08-06 00:35:51,28.31,28.06,OFF
2026-08-06 00:35:52,28.31,28.06,OFF
2026-08-06 00:35:53,28.31,28.06,OFF
2026-08-06 00:35:55,28.31,28.06,OFF
2026-08-06 00:35:56,28.37,28.06,OFF
2026-08-06 00:35:57,28.37,28.12,OFF
2026-08-06 00:35:59,28.31,28.50,OFF
2026-08-06 00:36:00,28.37,28.87,OFF
2026-08-06 00:36:01,28.31,29.25,OFF
2026-08-06 00:36:03,28.37,29.56,OFF
2026-08-06 00:36:04,28.31,29.87,OFF
2026-08-06 00:36:05,28.31,30.12,OFF
2026-08-06 00:36:07,28.31,30.37,OFF
2026-08-06 00:36:08,28.37,30.50,OFF
2026-08-06 00:36:09,28.31,30.56,OFF
2026-08-06 00:36:11,28.37,30.50,OFF
2026-08-06 00:36:12,28.31,30.56,OFF
2026-08-06 00:36:13,28.37,30.50,OFF
2026-08-06 00:36:15,28.31,30.50,ON
2026-08-06 00:36:16,28.31,30.44,ON
2026-08-06 00:36:17,28.37,30.44,ON
2026-08-06 00:36:19,28.31,30.37,ON
2026-08-06 00:36:20,28.31,30.37,ON
2026-08-06 00:36:21,28.31,30.37,ON
2026-08-06 00:36:23,28.37,30.31,ON
2026-08-06 00:36:24,28.37,30.31,OFF
2026-08-06 00:36:25,28.37,30.25,ON
2026-08-06 00:36:27,28.31,30.25,ON
2026-08-06 00:36:28,28.31,30.19,ON
2026-08-06 00:36:29,28.31,30.12,ON
2026-08-06 00:36:31,28.31,30.19,ON
2026-08-06 00:36:32,28.31,30.12,ON
2026-08-06 00:36:33,28.31,30.12,ON
2026-08-06 00:36:35,28.31,30.06,ON
2026-08-06 00:36:36,28.31,30.06,ON
2026-08-06 00:36:37,28.31,30.00,ON
2026-08-06 00:36:39,28.31,30.00,ON
2026-08-06 00:36:40,28.31,29.94,ON
2026-08-06 00:36:41,28.31,29.94,ON
2026-08-06 00:36:43,28.31,29.94,ON
2026-08-06 00:36:44,28.31,29.94,ON
2026-08-06 00:36:45,28.31,29.87,ON
2026-08-06 00:36:47,28.31,29.87,ON
2026-08-06 00:36:48,28.31,29.87,ON
2026-08-06 00:36:49,28.31,29.81,ON
2026-08-06 00:36:51,28.31,29.81,ON
2026-08-06 00:36:52,28.31,29.75,ON
2026-08-06 00:36:53,28.31,29.75,ON
2026-08-06 00:36:55,28.31,29.75,ON
2026-08-06 00:36:56,28.31,29.69,ON
2026-08-06 00:36:57,28.31,29.69,ON
2026-08-06 00:36:59,28.31,29.62,ON
2026-08-06 00:37:00,28.31,29.69,ON
2026-08-06 00:37:01,28.31,29.62,ON
2026-08-06 00:37:03,28.31,29.62,ON
2026-08-06 00:37:04,28.31,29.62,ON
2026-08-06 00:37:05,28.31,29.56,ON
2026-08-06 00:37:07,28.31,29.56,ON
2026-08-06 00:37:08,28.31,29.56,ON
2026-08-06 00:37:09,28.31,29.56,ON
2026-08-06 00:37:11,28.31,29.56,ON
2026-08-06 00:37:12,28.31,29.50,ON
2026-08-06 00:37:13,28.31,29.50,ON
2026-08-06 00:37:15,28.31,29.50,ON
2026-08-06 00:37:16,28.31,29.44,ON
2026-08-06 00:37:17,28.31,29.44,ON
2026-08-06 00:37:19,28.37,29.44,ON
2026-08-06 00:37:20,28.31,29.44,ON
2026-08-06 00:37:21,28.31,29.37,ON
2026-08-06 00:37:23,28.31,29.37,ON
2026-08-06 00:37:24,28.31,29.37,ON
2026-08-06 00:42:21,28.31,28.19,OFF
2026-08-06 00:42:22,28.25,28.19,OFF
2026-08-06 00:42:24,28.31,28.19,OFF
2026-08-06 00:42:25,28.31,28.19,OFF
2026-08-06 00:42:26,28.31,28.19,OFF
2026-08-06 00:42:28,28.25,28.19,ON
2026-08-06 00:42:29,28.31,28.25,ON
2026-08-06 00:42:30,28.31,28.19,ON
2026-08-06 00:42:32,28.25,28.19,ON
2026-08-06 00:42:33,28.31,28.19,ON
2026-08-06 01:04:15,28.12,27.94,OFF
2026-08-06 01:04:17,28.12,27.94,OFF
2026-08-06 01:04:18,28.12,27.94,OFF
2026-08-06 01:04:19,28.12,27.94,OFF
2026-08-06 01:04:21,28.12,27.94,OFF
2026-08-06 01:04:22,28.12,27.94,OFF
2026-08-06 01:04:23,28.12,27.94,OFF
2026-08-06 01:04:25,28.12,27.94,ON
2026-08-06 01:04:26,28.19,27.94,ON
2026-08-06 01:04:27,28.19,28.00,ON
2026-08-06 01:04:29,28.19,28.00,ON
2026-08-06 01:04:30,28.19,28.00,ON
2026-08-06 01:04:31,28.19,28.00,ON
2026-08-06 01:04:33,28.12,27.94,ON
2026-08-06 01:04:34,28.19,28.00,ON
2026-08-06 01:04:35,28.19,28.00,ON
2026-08-06 01:04:37,28.19,27.94,ON
2026-08-06 01:04:38,28.19,28.00,ON
2026-08-06 01:04:39,28.12,28.00,ON
2026-08-06 01:04:41,28.19,28.00,ON
2026-08-06 01:04:42,28.12,27.94,OFF
2026-08-06 01:04:43,28.19,28.00,OFF
2026-08-06 01:04:45,28.19,28.00,ON
2026-08-06 01:04:46,28.19,28.00,ON
2026-08-06 01:04:47,28.19,27.94,ON
2026-08-06 01:04:49,28.12,27.94,ON
2026-08-06 01:04:50,28.19,27.94,ON
2026-08-06 01:04:51,28.19,28.00,ON
2026-08-06 01:04:53,28.12,28.00,ON
2026-08-06 01:04:54,28.19,28.00,ON
2026-08-06 01:04:55,28.19,28.00,ON
2026-08-06 01:04:57,28.19,28.00,ON
2026-08-06 01:04:58,28.19,28.00,ON
2026-08-06 01:04:59,28.19,28.00,ON
2026-08-06 01:05:01,28.19,28.00,ON
2026-08-06 01:05:02,28.19,28.00,ON
2026-08-06 01:05:03,28.19,28.00,ON
2026-08-06 01:05:05,28.19,28.00,ON
2026-08-06 01:05:06,28.19,28.00,ON
2026-08-06 01:05:07,28.19,28.00,ON
2026-08-06 01:05:09,28.19,28.00,ON
2026-08-06 01:05:10,28.19,28.00,ON
2026-08-06 01:05:11,28.19,28.00,ON
2026-08-06 01:05:13,28.19,28.00,ON
2026-08-06 01:05:14,28.19,28.00,ON
2026-08-06 01:05:15,28.19,28.00,OFF
2026-08-06 01:05:17,28.19,28.00,OFF
2026-08-06 01:05:18,28.19,28.00,ON
2026-08-06 01:05:19,28.19,28.00,ON
2026-08-06 01:05:21,28.19,28.00,ON
2026-08-06 01:05:22,28.19,28.00,ON
2026-08-06 01:05:23,28.19,28.00,ON
2026-08-06 01:05:25,28.19,28.00,ON
2026-08-06 01:05:26,28.19,28.00,ON
2026-08-06 01:05:27,28.19,28.00,ON
2026-08-06 01:05:29,28.19,28.00,ON
2026-08-06 01:05:30,28.19,28.00,ON
2026-08-06 01:05:31,28.19,28.00,ON
2026-08-06 01:05:33,28.19,28.00,ON
2026-08-06 01:05:34,28.19,28.00,ON
2026-08-06 01:05:35,28.19,28.00,ON
2026-08-06 01:05:37,28.19,28.00,ON
2026-08-06 01:05:38,28.19,28.00,ON
2026-08-06 01:05:39,28.19,28.00,ON
2026-08-06 01:05:41,28.19,28.00,ON
2026-08-06 01:05:42,28.25,28.00,ON
2026-08-06 01:05:43,28.19,28.00,ON
2026-08-06 01:05:45,28.19,28.00,ON
2026-08-06 01:05:46,28.19,28.00,ON
2026-08-06 01:05:47,28.19,28.00,ON
2026-08-06 01:05:49,28.19,28.00,ON
2026-08-06 01:05:50,28.19,28.00,ON
2026-08-06 01:05:51,28.19,28.06,ON
2026-08-06 01:05:53,28.25,28.00,ON
2026-08-06 01:05:54,28.19,28.00,ON
2026-08-06 01:05:55,28.25,28.00,ON
2026-08-06 01:05:57,28.25,28.00,ON
2026-08-06 01:05:58,28.25,28.00,ON
2026-08-06 01:05:59,28.19,28.00,ON
2026-08-06 01:06:01,28.19,28.06,ON
2026-08-06 01:06:02,28.19,28.00,OFF
2026-08-06 01:06:03,28.19,28.06,ON
2026-08-06 01:06:05,28.19,28.00,ON
2026-08-06 01:06:06,28.19,28.06,ON
2026-08-06 01:06:07,28.19,28.00,ON
2026-08-06 01:06:09,28.19,28.00,OFF
2026-08-06 01:06:10,28.19,28.06,OFF
2026-08-06 01:06:11,28.25,28.00,OFF
2026-08-06 01:06:13,28.19,28.00,OFF
2026-08-06 01:06:14,28.25,28.00,OFF
2026-08-06 01:06:15,28.19,28.00,OFF
2026-08-06 01:06:17,28.25,28.00,OFF
2026-08-06 01:06:18,28.19,28.00,OFF
2026-08-06 01:06:19,28.19,28.00,OFF
2026-08-06 01:06:21,28.19,28.00,OFF
2026-08-06 01:06:22,28.25,28.06,OFF
2026-08-06 01:06:23,28.25,28.00,OFF
2026-08-06 01:06:25,28.19,28.00,OFF
2026-08-06 01:06:26,28.25,28.00,OFF
2026-08-06 01:26:35,27.50,27.69,OFF
2026-08-06 01:26:37,27.50,27.69,OFF
2026-08-06 01:26:38,27.50,27.69,OFF
2026-08-06 01:26:39,27.50,27.69,OFF
2026-08-06 01:26:41,27.50,27.69,OFF
2026-08-06 01:26:42,27.50,27.69,OFF
2026-08-06 01:26:43,27.50,27.69,OFF
2026-08-06 01:34:17,27.75,27.50,OFF
2026-08-06 01:34:18,27.75,27.50,OFF
2026-08-06 01:34:20,27.75,27.50,OFF
2026-08-06 01:34:21,27.75,27.50,OFF
2026-08-06 01:34:22,27.75,27.50,OFF
2026-08-06 01:34:24,27.81,27.50,OFF
2026-08-06 01:34:25,27.81,27.50,OFF
2026-08-06 01:34:26,27.75,27.50,OFF
2026-08-06 01:34:28,27.81,27.50,OFF
2026-08-06 01:34:29,27.81,27.50,OFF
2026-08-06 01:34:30,27.81,27.50,OFF
2026-08-06 01:34:32,27.81,27.50,OFF
2026-08-06 01:34:33,27.81,27.50,OFF
2026-08-06 01:34:34,27.81,27.50,OFF
2026-08-06 01:34:36,27.81,27.56,OFF
2026-08-06 01:34:37,27.81,27.56,OFF
2026-08-06 01:34:38,27.81,27.50,OFF
2026-08-06 01:34:40,27.81,27.50,OFF
2026-08-06 01:34:41,27.81,27.50,OFF
2026-08-06 01:34:42,27.81,27.50,OFF
2026-08-06 01:34:44,27.81,27.50,OFF
2026-08-06 01:34:45,27.81,27.56,OFF
2026-08-06 01:34:46,27.81,27.50,ON
2026-08-06 01:34:48,27.81,27.50,ON
2026-08-06 01:34:49,27.81,27.56,ON
2026-08-06 01:34:50,27.81,27.56,ON
2026-08-06 01:34:52,27.81,27.56,ON
2026-08-06 01:34:53,27.81,27.56,ON
2026-08-06 01:34:54,27.81,27.56,ON
2026-08-06 01:34:56,27.81,27.56,ON
2026-08-06 01:34:57,27.81,27.56,ON
2026-08-06 01:34:58,27.81,27.56,ON
2026-08-06 01:35:00,27.81,27.56,ON
2026-08-06 01:35:01,27.81,27.56,ON
2026-08-06 01:35:02,27.81,27.56,ON
2026-08-06 01:35:04,27.81,27.56,ON
2026-08-06 01:35:05,27.87,27.56,ON
2026-08-06 01:35:06,27.87,27.56,ON
2026-08-06 01:35:08,27.81,27.56,ON
2026-08-06 01:35:09,27.87,27.56,ON
2026-08-06 01:35:10,27.81,27.56,ON
2026-08-06 01:35:12,27.87,27.56,ON
2026-08-06 01:35:13,27.87,27.56,ON
2026-08-06 01:35:14,27.87,27.56,ON
2026-08-06 01:35:16,27.87,27.56,ON
2026-08-06 01:35:17,27.87,27.56,ON
2026-08-06 01:35:18,27.87,27.56,ON
2026-08-06 01:35:20,27.87,27.56,ON
2026-08-06 01:35:21,27.87,27.56,ON
2026-08-06 01:35:22,27.87,27.56,ON
2026-08-06 01:35:24,27.87,27.50,ON
2026-08-06 01:35:25,27.87,27.50,ON
2026-08-06 01:35:26,27.87,27.50,ON
2026-08-06 01:35:28,27.87,27.50,ON
2026-08-06 01:35:29,27.87,27.56,ON
2026-08-06 01:35:30,27.87,27.50,ON
2026-08-06 01:35:32,27.87,27.50,ON
2026-08-06 01:35:33,27.87,27.50,ON
2026-08-06 01:35:34,27.87,27.50,ON
2026-08-06 01:35:36,27.87,27.50,ON
2026-08-06 01:35:37,27.87,27.50,ON
2026-08-06 01:35:38,27.87,27.50,ON
2026-08-06 01:35:40,27.87,27.50,ON
2026-08-06 01:35:41,27.94,27.50,ON
2026-08-06 01:35:42,27.94,27.50,ON
2026-08-06 01:35:44,27.94,27.50,ON
2026-08-06 01:35:45,27.94,27.50,ON
2026-08-06 01:35:46,27.87,27.50,ON
2026-08-06 01:35:48,27.94,27.50,ON
2026-08-06 01:35:49,27.94,27.50,ON
2026-08-06 01:35:50,27.94,27.50,ON
2026-08-06 01:35:52,27.94,27.44,ON
2026-08-06 01:35:53,27.94,27.44,ON
2026-08-06 01:35:54,27.94,27.44,ON
2026-08-06 01:35:56,27.94,27.44,ON
2026-08-06 01:35:57,27.94,27.44,ON
2026-08-06 01:35:58,27.94,27.44,ON
2026-08-06 01:36:00,27.94,27.44,ON
2026-08-06 01:36:01,27.94,27.44,ON
2026-08-06 01:36:02,27.94,27.44,ON
2026-08-06 01:36:04,27.94,27.44,ON
2026-08-06 01:36:05,27.94,27.44,ON
2026-08-06 01:36:06,27.94,27.44,ON
2026-08-06 01:36:08,27.94,27.44,ON
2026-08-06 01:36:09,27.94,27.44,ON
2026-08-06 01:36:10,27.94,27.44,ON
2026-08-06 01:36:12,27.94,27.37,OFF
2026-08-06 01:36:13,27.94,27.44,ON
2026-08-06 01:36:14,27.94,27.44,ON
2026-08-06 01:36:16,27.94,27.44,ON
2026-08-06 01:36:17,27.94,27.44,ON
2026-08-06 01:36:18,27.94,27.44,ON
2026-08-06 01:36:20,27.94,27.37,ON
2026-08-06 01:36:21,27.94,27.37,ON
2026-08-06 01:36:22,27.94,27.37,ON
2026-08-06 01:36:24,27.94,27.37,ON
2026-08-06 01:36:25,27.94,27.37,ON
2026-08-06 01:36:26,27.94,27.44,ON
2026-08-06 01:36:28,27.94,27.37,ON
2026-08-06 01:36:29,27.94,27.37,ON
2026-08-06 01:36:30,27.94,27.37,ON
2026-08-06 01:36:32,27.94,27.37,ON
2026-08-06 01:36:33,27.94,27.37,ON
2026-08-06 01:36:34,27.94,27.37,ON
2026-08-06 01:36:36,27.94,27.37,ON
2026-08-06 01:36:37,27.94,27.37,ON
2026-08-06 01:36:38,27.94,27.37,ON
2026-08-06 01:36:40,27.94,27.37,ON
2026-08-06 01:36:41,27.94,27.37,ON
2026-08-06 01:36:42,27.94,27.37,ON
2026-08-06 01:36:44,27.94,27.37,ON
2026-08-06 01:36:45,27.94,27.37,ON
2026-08-06 01:36:46,27.94,27.37,ON
2026-08-06 01:36:48,27.87,27.31,ON
2026-08-06 01:36:49,27.81,27.19,ON
2026-08-06 01:36:50,27.81,27.06,ON
2026-08-06 01:36:52,27.75,27.00,ON
2026-08-06 01:36:53,27.69,27.00,ON
2026-08-06 01:36:54,27.62,26.94,ON
2026-08-06 01:36:56,27.56,26.87,ON
2026-08-06 01:36:57,27.56,26.94,ON
2026-08-06 01:36:58,27.50,26.87,ON
2026-08-06 01:37:00,27.44,26.87,ON
2026-08-06 01:37:01,27.44,26.81,ON
2026-08-06 01:37:02,27.37,26.87,ON
2026-08-06 01:37:04,27.37,26.81,ON
2026-08-06 01:37:05,27.37,26.81,ON
2026-08-06 01:37:06,27.37,26.81,ON
2026-08-06 01:37:08,27.31,26.81,ON
2026-08-06 01:37:09,27.31,26.81,ON
2026-08-06 01:37:10,27.31,26.81,ON
2026-08-06 01:37:12,27.25,26.81,ON
2026-08-06 01:37:13,27.25,26.81,ON
2026-08-06 01:37:14,27.25,26.81,ON
2026-08-06 01:37:16,27.25,26.81,ON
2026-08-06 01:37:17,27.19,26.81,ON
2026-08-06 01:37:18,27.19,26.81,ON
2026-08-06 01:37:20,27.25,26.81,ON
2026-08-06 01:37:21,27.19,26.81,ON
2026-08-06 01:37:22,27.19,26.81,ON
2026-08-06 01:37:24,27.19,26.81,ON
2026-08-06 01:37:25,27.19,26.81,OFF
2026-08-06 01:37:26,27.12,26.81,OFF
2026-08-06 01:37:28,27.12,26.81,OFF
2026-08-06 01:37:29,27.12,26.75,OFF
2026-08-06 01:37:30,27.06,26.75,OFF
2026-08-06 01:37:40,26.75,26.44,OFF
2026-08-06 01:37:41,26.75,26.37,OFF
2026-08-06 01:37:42,26.69,26.37,OFF
2026-08-06 01:37:44,26.69,26.31,OFF
2026-08-06 01:37:45,26.69,26.31,OFF
2026-08-06 01:37:46,26.69,26.31,OFF
2026-08-06 01:37:48,26.62,26.31,OFF
2026-08-06 01:37:49,26.56,26.25,OFF
2026-08-06 01:37:50,26.56,26.19,OFF
2026-08-06 01:37:52,26.56,26.19,OFF
2026-08-06 01:37:53,26.50,26.19,OFF
2026-08-06 01:37:54,26.50,26.19,OFF
2026-08-06 01:37:56,26.44,26.12,OFF
2026-08-06 01:37:57,26.50,26.12,OFF
2026-08-06 01:37:58,26.44,26.12,OFF
2026-08-06 01:38:00,26.44,26.06,OFF
2026-08-06 01:38:01,26.44,26.12,OFF
2026-08-06 01:38:02,26.44,26.06,OFF
2026-08-06 01:38:04,26.44,26.06,OFF
2026-08-06 01:38:05,26.37,26.00,OFF
2026-08-06 01:38:06,26.37,26.00,OFF
2026-08-06 01:38:08,26.37,26.00,OFF
2026-08-06 01:38:09,26.31,26.00,OFF
2026-08-06 01:38:10,26.31,26.00,OFF
2026-08-06 01:38:12,26.31,25.94,OFF
2026-08-06 01:38:13,26.31,26.00,OFF
2026-08-06 01:38:14,26.31,25.94,OFF
2026-08-06 01:38:16,26.31,25.94,OFF
2026-08-06 01:38:17,26.31,25.94,OFF
2026-08-06 01:38:18,26.31,25.94,OFF
2026-08-06 01:38:20,26.31,25.87,OFF
2026-08-06 01:38:21,26.31,25.94,OFF
2026-08-06 01:38:22,26.31,25.87,OFF
2026-08-06 01:38:24,26.31,25.87,OFF
2026-08-06 01:38:25,26.25,25.87,OFF
2026-08-06 01:38:26,26.25,25.87,OFF
2026-08-06 01:38:28,26.25,25.81,OFF
2026-08-06 01:38:29,26.25,25.81,OFF
2026-08-06 01:38:30,26.25,25.81,OFF
2026-08-06 01:38:32,26.25,25.81,OFF
2026-08-06 01:38:33,26.25,25.81,OFF
2026-08-06 01:38:34,26.25,25.81,OFF
2026-08-06 01:38:36,26.25,25.81,OFF
2026-08-06 01:38:37,26.25,25.75,OFF
2026-08-06 01:38:38,26.19,25.75,OFF
2026-08-06 01:38:40,26.25,25.75,OFF
2026-08-06 01:38:41,26.19,25.75,OFF
2026-08-06 01:38:42,26.19,25.75,OFF
2026-08-06 01:38:44,26.19,25.75,OFF
2026-08-06 01:38:45,26.19,25.69,OFF
2026-08-06 01:38:46,26.25,25.75,OFF
2026-08-06 01:38:48,26.19,25.69,OFF
2026-08-06 01:38:49,26.19,25.69,OFF
2026-08-06 01:38:50,26.19,25.69,OFF
2026-08-06 01:38:52,26.19,25.69,OFF
2026-08-06 01:38:53,26.19,25.62,OFF
2026-08-06 01:38:54,26.19,25.69,OFF
2026-08-06 01:38:56,26.19,25.69,OFF
2026-08-06 01:38:57,26.19,25.69,OFF
2026-08-06 01:38:58,26.19,25.69,OFF
2026-08-06 01:39:00,26.19,25.69,OFF
2026-08-06 01:39:01,26.19,25.62,OFF
2026-08-06 01:39:02,26.19,25.62,OFF
2026-08-06 01:39:04,26.19,25.62,OFF
2026-08-06 01:39:05,26.12,25.62,OFF
2026-08-06 01:39:06,26.19,25.62,OFF
2026-08-06 01:39:08,26.12,25.62,OFF
2026-08-06 01:39:09,26.12,25.62,OFF
2026-08-06 01:39:10,26.12,25.62,OFF
2026-08-06 01:39:12,26.12,25.62,OFF
2026-08-06 01:39:13,26.12,25.56,OFF
2026-08-06 01:39:14,26.12,25.56,OFF
2026-08-06 01:39:16,26.19,25.62,OFF
2026-08-06 01:39:17,26.12,25.62,OFF
2026-08-06 01:39:18,26.12,25.56,OFF
2026-08-06 01:39:20,26.12,25.62,OFF
2026-08-06 01:39:21,26.12,25.56,OFF
2026-08-06 01:39:22,26.12,25.56,OFF
2026-08-06 01:39:24,26.12,25.62,OFF
2026-08-06 01:39:25,26.19,25.56,OFF
2026-08-06 01:39:26,26.12,25.56,OFF
2026-08-06 01:39:28,26.12,25.56,OFF
2026-08-06 01:39:29,26.12,25.56,OFF
2026-08-06 01:39:30,26.12,25.56,OFF
2026-08-06 01:39:32,26.12,25.56,OFF
2026-08-06 01:39:33,26.12,25.56,OFF
2026-08-06 01:39:34,26.12,25.56,OFF
2026-08-06 01:39:36,26.12,25.56,OFF
2026-08-06 01:39:37,26.12,25.56,OFF
2026-08-06 01:39:38,26.12,25.56,OFF
2026-08-06 01:39:40,26.12,25.56,OFF
2026-08-06 01:39:41,26.12,25.50,OFF
2026-08-06 01:39:42,26.12,25.56,OFF
2026-08-06 01:39:44,26.12,25.56,OFF
2026-08-06 01:39:45,26.12,25.56,OFF
2026-08-06 01:39:46,26.12,25.50,OFF
2026-08-06 01:39:48,26.12,25.50,OFF
2026-08-06 01:39:49,26.12,25.56,OFF
2026-08-06 01:39:50,26.12,25.56,OFF
2026-08-06 01:39:52,26.12,25.50,OFF
2026-08-06 01:39:53,26.12,25.50,OFF
2026-08-06 01:39:54,26.12,25.50,OFF
2026-08-06 01:39:56,26.12,25.50,OFF
2026-08-06 01:39:57,26.12,25.50,OFF
2026-08-06 01:39:58,26.12,25.50,OFF
2026-08-06 01:40:00,26.12,25.50,OFF
2026-08-06 01:40:01,26.12,25.50,OFF
2026-08-06 01:40:02,26.12,25.50,OFF
2026-08-06 01:40:04,26.12,25.50,OFF
2026-08-06 01:40:05,26.12,25.50,OFF
2026-08-06 01:40:06,26.12,25.50,OFF
2026-08-06 01:40:08,26.12,25.50,OFF
2026-08-06 01:40:09,26.12,25.50,OFF
2026-08-06 01:40:10,26.19,25.50,OFF
2026-08-06 01:40:12,26.12,25.50,OFF
2026-08-06 01:40:13,26.12,25.50,OFF
2026-08-06 01:40:14,26.19,25.50,OFF
2026-08-06 01:40:16,26.12,25.50,OFF
2026-08-06 01:40:17,26.19,25.50,OFF
2026-08-06 01:40:18,26.12,25.50,OFF
2026-08-06 01:40:20,26.19,25.50,OFF
2026-08-06 01:40:21,26.19,25.50,OFF
2026-08-06 01:40:22,26.12,25.50,OFF
2026-08-06 01:40:24,26.19,25.50,OFF
2026-08-06 01:40:25,26.12,25.50,OFF
2026-08-06 01:40:26,26.19,25.50,OFF
2026-08-06 01:40:28,26.12,25.50,OFF
2026-08-06 01:40:29,26.19,25.50,OFF
2026-08-06 01:40:30,26.19,25.50,OFF
2026-08-06 01:40:32,26.19,25.50,OFF
2026-08-06 01:40:33,26.19,25.50,OFF
2026-08-06 01:40:34,26.25,25.50,OFF
2026-08-06 01:40:36,26.19,25.50,OFF
2026-08-06 01:40:37,26.19,25.50,OFF
2026-08-06 01:40:38,26.19,25.50,OFF
2026-08-06 01:40:40,26.19,25.50,OFF
2026-08-06 01:40:41,26.19,25.50,OFF
2026-08-06 01:40:42,26.19,25.50,OFF
2026-08-06 01:40:44,26.19,25.50,OFF
2026-08-06 01:40:45,26.19,25.50,OFF
2026-08-06 01:40:46,26.25,25.50,OFF
2026-08-06 01:40:48,26.19,25.50,OFF
2026-08-06 01:40:49,26.25,25.50,OFF
2026-08-06 01:40:50,26.19,25.50,OFF
2026-08-06 01:40:52,26.19,25.50,OFF
2026-08-06 01:40:53,26.25,25.50,OFF
2026-08-06 01:40:54,26.25,25.50,OFF
2026-08-06 01:40:56,26.25,25.50,OFF
2026-08-06 01:40:57,26.25,25.50,OFF
2026-08-06 01:40:58,26.25,25.50,OFF
2026-08-06 01:41:00,26.25,25.50,OFF
2026-08-06 01:41:01,26.25,25.50,OFF
2026-08-06 01:41:02,26.25,25.50,OFF
2026-08-06 01:41:04,26.25,25.50,OFF
2026-08-06 01:41:05,26.25,25.50,OFF
2026-08-06 01:41:06,26.25,25.56,OFF
2026-08-06 01:41:08,26.25,25.50,OFF
2026-08-06 01:41:09,26.25,25.50,OFF
2026-08-06 01:41:10,26.25,25.50,OFF
2026-08-06 01:41:12,26.25,25.50,OFF
2026-08-06 01:41:13,26.25,25.50,OFF
2026-08-06 01:41:14,26.25,25.50,OFF
2026-08-06 01:41:16,26.25,25.50,OFF
2026-08-06 01:41:17,26.25,25.50,OFF
2026-08-06 01:41:18,26.25,25.50,OFF
2026-08-06 01:41:20,26.25,25.56,OFF
2026-08-06 01:41:21,26.25,25.50,OFF
2026-08-06 01:41:22,26.25,25.56,OFF
2026-08-06 01:41:24,26.25,25.50,OFF
2026-08-06 01:41:25,26.25,25.50,OFF
2026-08-06 01:41:26,26.31,25.50,OFF
2026-08-06 01:41:28,26.25,25.50,OFF
2026-08-06 01:41:34,26.31,25.50,OFF
2026-08-06 01:41:35,26.31,25.50,OFF
2026-08-06 01:41:36,26.31,25.50,OFF
2026-08-06 01:41:38,26.25,25.50,OFF
2026-08-06 01:41:39,26.31,25.56,OFF
2026-08-06 01:41:40,26.31,25.50,OFF
2026-08-06 01:41:42,26.25,25.50,OFF
2026-08-06 01:41:43,26.31,25.50,OFF
2026-08-06 01:41:44,26.31,25.50,OFF
2026-08-06 01:41:46,26.31,25.50,OFF
2026-08-06 01:41:47,26.31,25.50,OFF
2026-08-06 01:41:48,26.31,25.50,ON
2026-08-06 01:41:50,26.31,25.50,ON
2026-08-06 01:41:51,26.31,25.50,ON
2026-08-06 01:41:52,26.31,25.50,ON
2026-08-06 01:41:54,26.31,25.50,ON
2026-08-06 01:41:55,26.31,25.50,ON
2026-08-06 01:41:56,26.31,25.50,ON
2026-08-06 01:41:58,26.31,25.50,ON
2026-08-06 01:41:59,26.31,25.56,ON
2026-08-06 01:42:00,26.31,25.50,ON
2026-08-06 01:42:02,26.31,25.50,ON
2026-08-06 01:42:03,26.31,25.50,ON
2026-08-06 01:42:04,26.31,25.56,ON
2026-08-06 01:42:06,26.31,25.50,ON
2026-08-06 01:42:07,26.31,25.56,ON
2026-08-06 01:42:08,26.31,25.50,ON
2026-08-06 01:42:10,26.31,25.56,ON
2026-08-06 01:42:11,26.37,25.50,ON
2026-08-06 01:42:12,26.31,25.50,ON
2026-08-06 01:42:14,26.31,25.50,ON
2026-08-06 01:42:15,26.37,25.50,ON
2026-08-06 01:42:16,26.31,25.50,ON
2026-08-06 01:42:18,26.37,25.50,ON
2026-08-06 01:42:19,26.37,25.50,ON
2026-08-06 01:42:20,26.37,25.50,ON
2026-08-06 01:42:22,26.31,25.50,ON
2026-08-06 01:42:23,26.37,25.56,ON
2026-08-06 01:42:24,26.31,25.56,ON
2026-08-06 01:42:26,26.31,25.56,ON
2026-08-06 01:42:27,26.37,25.56,ON
2026-08-06 01:42:28,26.31,25.56,ON
2026-08-06 01:42:30,26.31,25.56,ON
2026-08-06 01:42:31,26.37,25.56,ON
2026-08-06 01:42:32,26.31,25.56,ON
2026-08-06 01:42:34,26.31,25.56,ON
2026-08-06 01:42:35,26.37,25.56,ON
2026-08-06 01:42:36,26.31,25.56,ON
2026-08-06 01:42:38,26.37,25.56,ON
2026-08-06 01:42:39,26.37,25.56,ON
2026-08-06 01:42:40,26.37,25.56,ON
2026-08-06 01:42:42,26.37,25.50,ON
2026-08-06 01:42:43,26.37,25.56,ON
2026-08-06 01:42:44,26.37,25.56,ON
2026-08-06 01:42:46,26.37,25.56,ON
2026-08-06 01:42:47,26.37,25.56,ON
2026-08-06 01:42:48,26.37,25.56,ON
2026-08-06 01:42:50,26.37,25.56,ON
2026-08-06 01:42:51,26.37,25.56,ON
2026-08-06 01:42:52,26.37,25.56,ON
2026-08-06 01:42:54,26.37,25.56,ON
2026-08-06 01:42:55,26.37,25.56,ON
2026-08-06 01:42:56,26.37,25.56,ON
2026-08-06 01:42:58,26.37,25.56,ON
2026-08-06 01:42:59,26.44,25.56,ON
2026-08-06 01:43:00,26.37,25.62,ON
2026-08-06 01:43:02,26.37,25.56,ON
2026-08-06 01:43:03,26.37,25.62,ON
2026-08-06 01:43:04,26.37,25.62,ON
2026-08-06 01:43:06,26.37,25.62,ON
2026-08-06 01:43:07,26.37,25.62,ON
2026-08-06 01:43:08,26.37,25.62,ON
2026-08-06 01:43:10,26.44,25.62,ON
2026-08-06 01:43:11,26.44,25.62,ON
2026-08-06 01:43:12,26.44,25.69,ON
2026-08-06 01:43:14,26.44,25.69,ON
2026-08-06 01:43:15,26.44,25.69,ON
2026-08-06 01:43:16,26.44,25.69,ON
2026-08-06 01:43:18,26.44,25.69,ON
2026-08-06 01:43:19,26.44,25.69,ON
2026-08-06 01:43:20,26.50,25.75,ON
2026-08-06 01:43:22,26.44,25.75,ON
2026-08-06 01:43:23,26.50,25.75,ON
2026-08-06 01:43:24,26.50,25.75,ON
2026-08-06 01:43:26,26.50,25.75,ON
2026-08-06 01:43:27,26.50,25.75,ON
2026-08-06 01:43:28,26.50,25.75,ON
2026-08-06 01:43:30,26.50,25.75,ON
2026-08-06 01:43:31,26.50,25.75,ON
2026-08-06 01:43:32,26.50,25.75,ON
2026-08-06 01:43:34,26.50,25.75,ON
2026-08-06 01:43:35,26.50,25.75,ON
2026-08-06 01:43:36,26.50,25.75,ON
2026-08-06 01:43:38,26.50,25.75,ON
2026-08-06 01:43:39,26.50,25.75,ON
2026-08-06 01:43:40,26.50,25.75,ON
2026-08-06 01:43:42,26.50,25.75,ON
2026-08-06 01:43:43,26.50,25.75,ON
2026-08-06 01:43:44,26.50,25.69,ON
2026-08-06 01:43:46,26.50,25.69,ON
2026-08-06 01:43:47,26.50,25.75,ON
2026-08-06 01:43:48,26.50,25.69,ON
2026-08-06 01:43:50,26.50,25.75,ON
2026-08-06 01:43:51,26.50,25.75,ON
2026-08-06 01:43:52,26.50,25.75,ON
2026-08-06 01:43:54,26.50,25.69,ON
2026-08-06 01:43:55,26.56,25.69,ON
2026-08-06 01:43:56,26.56,25.69,ON
2026-08-06 01:43:58,26.50,25.69,ON
2026-08-06 01:43:59,26.50,25.69,ON
2026-08-06 01:44:00,26.50,25.75,ON
2026-08-06 01:44:02,26.56,25.75,ON
2026-08-06 01:44:03,26.56,25.75,ON
2026-08-06 01:44:04,26.56,25.75,ON
2026-08-06 01:44:06,26.56,25.69,ON
2026-08-06 01:44:07,26.56,25.69,ON
2026-08-06 01:44:08,26.56,25.69,ON
2026-08-06 01:44:10,26.56,25.69,ON
2026-08-06 01:44:11,26.56,25.69,ON
2026-08-06 01:44:12,26.56,25.69,ON
2026-08-06 01:44:14,26.56,25.69,ON
2026-08-06 01:44:15,26.56,25.69,ON
2026-08-06 01:44:16,26.56,25.69,ON
2026-08-06 01:44:18,26.56,25.75,ON
2026-08-06 01:44:19,26.56,25.69,ON
2026-08-06 01:44:20,26.56,25.75,ON
2026-08-06 01:44:22,26.56,25.75,ON
2026-08-06 01:44:23,26.56,25.75,ON
2026-08-06 01:44:24,26.56,25.69,ON
2026-08-06 01:44:26,26.56,25.69,ON
2026-08-06 01:44:27,26.56,25.69,ON
2026-08-06 01:44:28,26.56,25.69,ON
2026-08-06 01:44:30,26.56,25.69,ON
2026-08-06 01:44:31,26.56,25.69,ON
2026-08-06 01:44:32,26.56,25.69,ON
2026-08-06 01:44:34,26.62,25.69,ON
2026-08-06 01:44:35,26.56,25.94,ON
2026-08-06 01:44:36,26.56,26.50,ON
2026-08-06 01:44:38,26.56,27.12,ON
2026-08-06 01:44:39,26.56,27.75,ON
2026-08-06 01:44:40,26.56,28.31,ON
2026-08-06 01:44:42,26.56,28.56,ON
2026-08-06 01:44:43,26.56,28.69,ON
2026-08-06 01:44:44,26.62,28.87,ON
2026-08-06 01:44:46,26.62,28.94,ON
2026-08-06 01:44:47,26.62,29.00,ON
2026-08-06 01:44:48,26.56,29.12,ON
2026-08-06 01:44:50,26.62,29.19,ON
2026-08-06 01:44:51,26.62,29.25,ON
2026-08-06 01:44:52,26.62,29.31,ON
2026-08-06 01:44:54,26.62,29.44,ON
2026-08-06 01:44:55,26.62,29.44,ON
2026-08-06 01:44:56,26.62,29.56,ON
2026-08-06 01:44:58,26.62,29.56,ON
2026-08-06 01:44:59,26.56,29.81,ON
2026-08-06 01:45:00,26.62,30.56,ON
2026-08-06 01:45:02,26.62,31.56,ON
2026-08-06 01:45:03,26.62,32.56,ON
2026-08-06 01:45:04,26.62,33.25,ON
2026-08-06 01:45:06,26.62,33.88,ON
2026-08-06 01:45:07,26.62,34.19,ON
2026-08-06 01:45:08,26.62,34.44,ON
2026-08-06 01:45:10,26.62,34.56,ON
2026-08-06 01:45:11,26.62,34.75,ON
2026-08-06 01:45:12,26.62,34.88,ON
2026-08-06 01:45:14,26.62,35.00,ON
2026-08-06 01:45:15,26.62,35.13,ON
2026-08-06 01:45:16,26.62,35.19,ON
2026-08-06 01:45:18,26.62,35.19,ON
2026-08-06 01:45:19,26.62,35.25,ON
2026-08-06 01:45:20,26.62,35.25,ON
2026-08-06 01:45:22,26.62,35.31,ON
2026-08-06 01:45:23,26.62,35.44,ON
2026-08-06 01:45:24,26.62,35.50,ON
2026-08-06 01:45:26,26.62,35.56,ON
2026-08-06 01:45:27,26.62,35.56,ON
2026-08-06 01:45:28,26.69,35.38,ON
2026-08-06 01:45:30,26.62,35.13,ON
2026-08-06 01:45:31,26.62,34.69,ON
2026-08-06 01:45:32,26.69,34.25,ON
2026-08-06 01:45:34,26.62,33.88,ON
2026-08-06 01:45:35,26.62,33.56,ON
2026-08-06 01:45:36,26.69,33.38,ON
2026-08-06 01:45:38,26.62,33.25,ON
2026-08-06 01:45:39,26.69,33.13,ON
2026-08-06 01:45:40,26.62,33.00,ON
2026-08-06 01:45:42,26.62,32.88,ON
2026-08-06 01:45:43,26.62,32.81,ON
2026-08-06 01:45:44,26.62,32.69,ON
2026-08-06 01:45:46,26.62,32.63,ON
2026-08-06 01:45:47,26.69,32.56,ON
2026-08-06 01:45:48,26.62,32.50,ON
2026-08-06 01:45:50,26.69,32.44,ON
2026-08-06 01:45:51,26.62,32.31,ON
2026-08-06 01:45:52,26.69,32.19,ON
2026-08-06 01:45:54,26.69,32.13,ON
2026-08-06 01:45:55,26.69,32.06,ON
2026-08-06 01:45:56,26.62,32.00,ON
2026-08-06 01:45:58,26.69,31.87,ON
2026-08-06 01:45:59,26.69,31.87,ON
2026-08-06 01:46:00,26.62,31.75,ON
2026-08-06 01:46:02,26.62,31.69,ON
2026-08-06 01:46:03,26.69,31.62,ON
2026-08-06 01:46:04,26.69,31.56,ON
2026-08-06 01:46:06,26.69,31.50,ON
2026-08-06 01:46:07,26.62,31.44,ON
2026-08-06 01:46:08,26.69,31.37,ON
2026-08-06 01:46:10,26.69,31.31,ON
2026-08-06 01:46:11,26.62,31.31,ON
2026-08-06 01:46:12,26.69,31.25,ON
2026-08-06 01:46:14,26.69,31.19,ON
2026-08-06 01:46:15,26.69,31.12,ON
2026-08-06 01:46:16,26.69,31.06,ON
2026-08-06 01:46:18,26.69,31.00,ON
2026-08-06 01:46:19,26.69,30.94,ON
2026-08-06 01:46:20,26.69,30.87,ON
2026-08-06 01:46:22,26.69,30.87,ON
2026-08-06 01:46:23,26.69,30.81,ON
2026-08-06 01:46:24,26.69,30.75,ON
2026-08-06 01:46:26,26.69,30.69,ON
2026-08-06 01:46:27,26.62,30.62,ON
2026-08-06 01:46:28,26.62,30.56,ON
2026-08-06 01:46:30,26.69,30.56,ON
2026-08-06 01:46:31,26.69,30.50,ON
2026-08-06 01:46:32,26.69,30.50,ON
2026-08-06 01:46:34,26.62,30.44,ON
2026-08-06 01:46:35,26.69,30.37,ON
2026-08-06 01:46:36,26.69,30.31,ON
2026-08-06 01:46:38,26.69,30.25,ON
2026-08-06 01:46:39,26.69,30.25,ON
2026-08-06 01:46:40,26.69,30.19,ON
2026-08-06 01:46:42,26.69,30.12,ON
2026-08-06 01:46:43,26.69,30.06,ON
2026-08-06 01:46:44,26.69,30.06,ON
2026-08-06 01:46:46,26.69,30.00,ON
2026-08-06 01:46:47,26.69,30.00,ON
2026-08-06 01:46:48,26.62,29.94,ON
2026-08-06 01:46:50,26.62,29.94,ON
2026-08-06 01:46:51,26.69,29.87,ON
2026-08-06 01:46:52,26.69,29.87,ON
2026-08-06 01:46:54,26.69,29.81,ON
2026-08-06 01:58:58,27.81,28.06,OFF
2026-08-06 01:59:00,27.87,28.06,OFF
2026-08-06 01:59:01,27.87,28.06,OFF
2026-08-06 01:59:02,27.87,28.06,OFF
2026-08-06 01:59:04,27.87,28.00,OFF
2026-08-06 01:59:05,27.87,28.00,OFF
2026-08-06 01:59:06,27.87,28.00,OFF
2026-08-06 01:59:08,27.87,28.06,OFF
2026-08-06 01:59:09,27.87,28.06,OFF
2026-08-06 01:59:10,27.87,28.06,OFF
2026-08-06 01:59:12,27.87,28.00,OFF
2026-08-06 01:59:13,27.87,28.06,OFF
2026-08-06 01:59:14,27.87,28.06,OFF
2026-08-06 01:59:16,27.87,28.06,OFF
2026-08-06 01:59:17,27.87,28.06,ON
2026-08-06 01:59:18,27.87,28.06,ON
2026-08-06 01:59:20,27.87,28.00,ON
2026-08-06 01:59:21,27.87,28.06,ON
2026-08-06 01:59:22,27.87,28.06,ON
2026-08-06 01:59:24,27.87,28.00,ON
2026-08-06 01:59:25,27.87,28.06,ON
2026-08-06 01:59:26,27.87,28.00,ON
2026-08-06 01:59:27,27.87,28.06,ON
2026-08-06 01:59:29,27.87,28.37,ON
2026-08-06 01:59:30,27.87,28.75,ON
2026-08-06 01:59:31,27.87,29.00,ON
2026-08-06 01:59:33,27.87,29.25,ON
2026-08-06 01:59:34,27.87,29.62,ON
2026-08-06 01:59:35,27.87,30.00,ON
2026-08-06 01:59:37,27.87,30.19,ON
2026-08-06 01:59:38,27.87,30.31,ON
2026-08-06 01:59:39,27.87,30.31,ON
2026-08-06 01:59:41,27.87,30.37,ON
2026-08-06 01:59:42,27.87,30.37,ON
2026-08-06 01:59:43,27.87,30.37,ON
2026-08-06 01:59:45,27.87,30.31,ON
2026-08-06 01:59:46,27.94,30.31,ON
2026-08-06 01:59:47,27.87,30.31,ON
2026-08-06 01:59:49,27.94,30.31,ON
2026-08-06 01:59:50,27.94,30.25,ON
2026-08-06 01:59:51,27.94,30.25,ON
2026-08-06 01:59:53,27.94,30.19,ON
2026-08-06 01:59:54,27.94,30.19,ON
2026-08-06 01:59:55,27.94,30.37,ON
2026-08-06 01:59:57,27.94,30.56,ON
2026-08-06 01:59:58,28.00,30.75,ON
2026-08-06 01:59:59,27.94,31.00,ON
2026-08-06 02:00:01,27.94,31.31,ON
2026-08-06 02:00:02,27.94,31.62,ON
2026-08-06 02:00:03,28.00,31.94,ON
2026-08-06 02:00:05,28.00,32.13,ON
2026-08-06 02:00:06,28.00,32.38,ON
2026-08-06 02:00:07,28.00,32.56,ON
2026-08-06 02:00:09,28.00,32.69,ON
2026-08-06 02:00:10,28.00,32.88,ON
2026-08-06 02:00:11,28.00,33.00,ON
2026-08-06 02:00:13,28.00,33.13,ON
2026-08-06 02:00:14,28.00,33.25,ON
2026-08-06 02:00:15,28.00,33.38,ON
2026-08-06 02:00:17,28.00,33.44,ON
2026-08-06 02:00:18,28.00,33.56,ON
2026-08-06 02:00:19,28.00,33.63,ON
2026-08-06 02:00:21,28.06,33.69,ON
2026-08-06 02:00:22,28.06,33.75,ON
2026-08-06 02:00:23,28.06,33.88,ON
2026-08-06 02:00:25,28.06,33.94,ON
2026-08-06 02:00:26,28.06,34.00,ON
2026-08-06 02:00:27,28.06,34.00,ON
2026-08-06 02:00:29,28.06,34.13,ON
2026-08-06 02:00:30,28.06,34.13,ON
2026-08-06 02:00:31,28.06,34.19,ON
2026-08-06 02:00:33,28.06,34.25,ON
2026-08-06 02:00:34,28.06,34.25,ON
2026-08-06 02:00:35,28.12,34.31,ON
2026-08-06 02:00:37,28.06,34.31,ON
2026-08-06 02:00:38,28.12,34.38,ON
2026-08-06 02:00:39,28.06,34.38,ON
2026-08-06 02:00:41,28.06,34.44,ON
2026-08-06 02:00:42,28.12,34.50,ON
2026-08-06 02:00:43,28.12,34.50,ON
2026-08-06 02:00:45,28.12,34.44,ON
2026-08-06 02:00:46,28.12,34.25,ON
2026-08-06 02:00:47,28.12,34.13,ON
2026-08-06 02:00:49,28.12,34.06,ON
2026-08-06 02:00:50,28.12,33.94,ON
2026-08-06 02:00:51,28.12,33.75,ON
2026-08-06 02:00:53,28.12,33.63,ON
2026-08-06 02:00:54,28.12,33.56,ON
2026-08-06 02:00:55,28.12,33.50,ON
2026-08-06 02:00:57,28.12,33.50,ON
2026-08-06 02:00:58,28.12,33.44,ON
2026-08-06 02:00:59,28.12,33.31,ON
2026-08-06 02:01:01,28.12,33.25,ON
2026-08-06 02:01:02,28.12,33.25,ON
2026-08-06 02:01:03,28.19,33.31,ON
2026-08-06 02:01:05,28.19,33.38,ON
2026-08-06 02:01:06,28.19,33.38,ON
2026-08-06 02:01:07,28.19,33.50,ON
2026-08-06 02:01:09,28.19,33.56,ON
2026-08-06 02:01:10,28.19,33.56,ON
2026-08-06 02:01:11,28.19,33.56,ON
2026-08-06 02:01:13,28.19,33.69,ON
2026-08-06 02:01:14,28.19,33.75,ON
2026-08-06 02:01:15,28.19,33.75,ON
2026-08-06 02:01:17,28.19,33.75,ON
2026-08-06 02:01:18,28.19,33.88,ON
2026-08-06 02:01:19,28.19,34.06,ON
2026-08-06 02:01:21,28.19,34.31,ON
2026-08-06 02:01:22,28.19,34.56,ON
2026-08-06 02:01:23,28.25,34.69,ON
2026-08-06 02:01:25,28.19,34.81,ON
2026-08-06 02:01:26,28.19,35.00,ON
2026-08-06 02:01:27,28.19,35.19,ON
2026-08-06 02:01:29,28.19,35.44,ON
2026-08-06 02:01:30,28.19,35.69,ON
2026-08-06 02:01:31,28.25,35.88,ON
2026-08-06 02:01:33,28.25,36.13,ON
2026-08-06 02:01:34,28.25,36.25,ON
2026-08-06 02:01:35,28.19,36.44,ON
2026-08-06 02:01:37,28.19,36.56,ON
2026-08-06 02:01:38,28.19,36.75,ON
2026-08-06 02:01:39,28.19,36.81,ON
2026-08-06 02:01:41,28.19,36.94,ON
2026-08-06 02:01:42,28.25,37.13,ON
2026-08-06 02:01:43,28.25,37.31,ON
2026-08-06 02:01:45,28.25,37.56,ON
2026-08-06 02:01:46,28.25,37.81,ON
2026-08-06 02:01:47,28.25,38.00,ON
2026-08-06 02:01:49,28.25,38.13,ON
2026-08-06 02:01:50,28.25,38.13,ON
2026-08-06 02:01:51,28.25,38.13,ON
2026-08-06 02:01:53,28.25,38.13,ON
2026-08-06 02:01:54,28.25,38.13,ON
2026-08-06 02:01:55,28.25,38.25,ON
2026-08-06 02:01:57,28.25,38.25,ON
2026-08-06 02:01:58,28.25,38.38,ON
2026-08-06 02:01:59,28.25,38.44,ON
2026-08-06 02:02:01,28.25,38.44,ON
2026-08-06 02:02:02,28.25,38.50,ON
2026-08-06 02:02:03,28.25,38.63,ON
2026-08-06 02:02:05,28.25,38.69,ON
2026-08-06 02:02:06,28.25,38.75,ON
2026-08-06 02:02:07,28.25,38.81,ON
2026-08-06 02:02:09,28.25,39.00,ON
2026-08-06 02:02:10,28.25,39.13,ON
2026-08-06 02:02:11,28.25,39.19,ON
2026-08-06 02:02:13,28.25,39.19,ON
2026-08-06 02:02:14,28.25,39.19,ON
2026-08-06 02:02:15,28.31,39.19,ON
2026-08-06 02:02:16,28.25,39.25,ON
2026-08-06 02:02:18,28.25,39.25,ON
2026-08-06 02:02:19,28.25,39.13,ON
2026-08-06 02:02:20,28.25,38.69,ON
2026-08-06 02:02:22,28.25,38.31,ON
2026-08-06 02:02:23,28.25,38.00,ON
2026-08-06 02:02:24,28.31,37.69,ON
2026-08-06 02:02:26,28.25,37.38,ON
2026-08-06 02:02:27,28.25,37.13,ON
2026-08-06 02:02:28,28.31,36.81,ON
2026-08-06 02:02:30,28.31,36.56,ON
2026-08-06 02:02:31,28.31,36.38,ON
2026-08-06 02:02:32,28.31,36.13,ON
2026-08-06 02:02:34,28.31,35.88,ON
2026-08-06 02:02:35,28.31,35.69,ON
2026-08-06 02:02:36,28.31,35.56,ON
2026-08-06 02:02:38,28.31,35.38,ON
2026-08-06 02:02:39,28.25,35.19,ON
2026-08-06 02:02:40,28.25,35.06,ON
2026-08-06 02:02:42,28.31,34.94,ON
2026-08-06 02:02:43,28.31,34.81,ON
2026-08-06 02:02:44,28.31,34.69,ON
2026-08-06 02:02:46,28.31,34.63,ON
2026-08-06 02:02:47,28.31,34.56,ON
2026-08-06 02:02:48,28.31,34.44,ON
2026-08-06 02:02:50,28.31,34.38,ON
2026-08-06 02:02:51,28.31,34.31,ON
2026-08-06 02:02:52,28.31,34.25,ON
2026-08-06 02:02:54,28.31,34.19,ON
2026-08-06 02:02:55,28.37,34.06,ON
2026-08-06 02:02:56,28.31,34.00,ON
2026-08-06 02:02:58,28.31,33.94,ON
2026-08-06 02:02:59,28.31,33.88,ON
2026-08-06 02:03:00,28.31,33.81,ON
2026-08-06 02:03:02,28.37,33.75,ON
2026-08-06 02:03:03,28.31,33.69,ON
2026-08-06 02:03:04,28.37,33.63,ON
2026-08-06 02:03:06,28.31,33.50,ON
2026-08-06 02:03:07,28.31,33.50,ON
2026-08-06 02:03:08,28.37,33.44,ON
2026-08-06 02:03:10,28.37,33.38,ON
2026-08-06 02:03:11,28.31,33.31,ON
2026-08-06 10:52:41,28.25,28.19,OFF
2026-08-06 10:52:43,28.25,28.12,OFF
2026-08-06 10:52:44,28.25,28.19,OFF
2026-08-06 10:52:45,28.25,28.12,OFF
2026-08-06 10:52:47,28.25,28.12,OFF
2026-08-06 10:52:48,28.25,28.12,OFF
2026-08-06 10:52:49,28.25,28.12,OFF
2026-08-06 10:52:51,28.25,28.12,OFF
2026-08-06 10:52:52,28.25,28.19,OFF
2026-08-06 10:52:53,28.25,28.12,OFF
2026-08-06 10:52:55,28.25,28.19,ON
2026-08-06 10:52:56,28.25,28.12,ON
2026-08-06 10:52:57,28.25,28.12,ON
2026-08-06 10:52:59,28.25,28.12,ON
2026-08-06 10:53:00,28.25,28.19,ON
2026-08-06 10:53:01,28.19,28.12,ON
2026-08-06 10:53:03,28.25,28.12,ON
2026-08-06 10:53:04,28.25,28.12,ON
2026-08-06 10:53:05,28.25,28.12,ON
2026-08-06 10:53:07,28.25,28.12,ON
2026-08-06 10:53:08,28.25,28.12,ON
2026-08-06 10:53:09,28.25,28.12,ON
2026-08-06 10:53:11,28.25,28.12,ON
2026-08-06 10:53:12,28.25,28.12,ON
2026-08-06 10:53:13,28.25,28.12,ON
2026-08-06 10:53:15,28.25,28.12,ON
2026-08-06 10:53:16,28.25,28.12,ON
2026-08-06 10:53:17,28.25,28.12,ON
2026-08-06 10:53:19,28.25,28.12,ON
2026-08-06 10:53:20,28.25,28.19,ON
2026-08-06 10:53:21,28.25,28.12,ON
2026-08-06 10:53:23,28.25,28.12,ON
2026-08-06 10:53:24,28.25,28.12,ON
2026-08-06 10:53:25,28.25,28.12,ON
2026-08-06 10:53:27,28.25,28.12,ON
2026-08-06 10:53:28,28.25,28.12,ON
2026-08-06 10:53:29,28.25,28.12,ON
2026-08-06 10:53:31,28.19,28.19,ON
2026-08-06 10:53:32,28.25,28.12,ON
2026-08-06 10:53:33,28.25,28.12,ON
2026-08-06 10:53:35,28.25,28.12,ON
2026-08-06 10:53:36,28.25,28.12,ON
2026-08-06 10:53:37,28.25,28.12,ON
2026-08-06 10:53:39,28.25,28.19,ON
2026-08-06 10:53:40,28.25,28.19,ON
2026-08-06 10:53:41,28.25,28.19,ON
2026-08-06 10:53:43,28.25,28.19,ON
2026-08-06 10:53:44,28.25,28.19,ON
2026-08-06 10:53:45,28.25,28.19,ON
2026-08-06 10:53:47,28.25,28.19,ON
2026-08-06 10:53:48,28.25,28.19,ON
2026-08-06 10:53:49,28.25,28.12,ON
2026-08-06 10:53:51,28.31,28.12,ON
2026-08-06 10:53:52,28.25,28.19,ON
2026-08-06 10:53:53,28.25,28.19,ON
2026-08-06 10:53:55,28.25,28.19,ON
2026-08-06 10:53:56,28.25,28.19,ON
2026-08-06 10:53:57,28.25,28.12,ON
2026-08-06 10:53:59,28.25,28.19,ON
2026-08-06 10:54:00,28.25,28.19,ON
2026-08-06 10:54:01,28.25,28.19,ON
2026-08-06 10:54:03,28.25,28.19,ON
2026-08-06 10:54:04,28.31,28.19,ON
2026-08-06 10:54:05,28.25,28.19,ON
2026-08-06 10:54:07,28.25,28.19,ON
2026-08-06 10:54:08,28.25,28.19,ON
2026-08-06 10:54:09,28.25,28.19,ON
2026-08-06 10:54:11,28.31,28.12,ON
2026-08-06 10:54:12,28.25,28.19,ON
2026-08-06 10:54:13,28.31,28.12,ON
2026-08-06 10:54:15,28.25,28.19,ON
2026-08-06 10:54:16,28.25,28.19,ON
2026-08-06 10:54:17,28.25,28.19,ON
2026-08-06 10:54:19,28.25,28.19,ON
2026-08-06 10:54:20,28.31,28.19,ON
2026-08-06 10:54:21,28.25,28.19,ON
2026-08-06 10:54:23,28.25,28.12,ON
2026-08-06 10:54:24,28.25,28.12,ON
2026-08-06 10:54:25,28.25,28.12,ON
2026-08-06 10:54:27,28.25,28.19,ON
2026-08-06 10:54:28,28.25,28.19,ON
2026-08-06 10:54:29,28.31,28.19,ON
2026-08-06 10:54:31,28.25,28.12,ON
2026-08-06 10:54:32,28.25,28.19,ON
2026-08-06 10:54:33,28.25,28.12,ON
2026-08-06 10:58:24,28.25,28.12,OFF
2026-08-06 10:58:26,28.25,28.12,OFF
2026-08-06 10:58:27,28.25,28.19,OFF
2026-08-06 10:58:28,28.25,28.12,OFF
2026-08-06 10:58:30,28.25,28.12,OFF
2026-08-06 10:58:31,28.25,28.12,OFF
2026-08-06 10:58:32,28.25,28.12,OFF
2026-08-06 10:58:34,28.25,28.12,ON
2026-08-06 10:58:35,28.25,28.12,ON
2026-08-06 10:58:36,28.25,28.19,ON
2026-08-06 10:58:38,28.25,28.12,ON
2026-08-06 10:58:39,28.25,28.19,ON
2026-08-06 10:58:40,28.25,28.12,ON
2026-08-06 10:58:42,28.25,28.12,ON
2026-08-06 10:58:43,28.25,28.19,ON
2026-08-06 10:58:44,28.25,28.19,ON
2026-08-06 10:58:46,28.25,28.19,ON
2026-08-06 10:58:47,28.31,28.12,ON
2026-08-06 10:58:48,28.31,28.19,ON
2026-08-06 10:58:50,28.25,28.19,ON
2026-08-06 10:58:51,28.31,28.19,ON
2026-08-06 10:58:52,28.31,28.19,ON
2026-08-06 10:58:54,28.25,28.19,ON
2026-08-06 10:58:55,28.31,28.12,ON
2026-08-06 10:58:56,28.25,28.12,ON
2026-08-06 10:58:58,28.25,28.19,ON
2026-08-06 10:58:59,28.25,28.19,ON
2026-08-06 10:59:00,28.31,28.12,ON
2026-08-06 10:59:02,28.25,28.19,ON
2026-08-06 10:59:03,28.31,28.19,ON
2026-08-06 10:59:04,28.31,28.19,ON
2026-08-06 10:59:06,28.25,28.19,ON
2026-08-06 10:59:07,28.31,28.19,ON
2026-08-06 10:59:08,28.31,28.12,ON
2026-08-06 10:59:10,28.31,28.19,ON
2026-08-06 10:59:11,28.31,28.19,ON
2026-08-06 10:59:12,28.31,28.19,ON
2026-08-06 10:59:14,28.31,28.19,ON
2026-08-06 10:59:15,28.31,28.19,ON
2026-08-06 10:59:16,28.31,28.19,ON
2026-08-06 10:59:18,28.25,28.19,ON
2026-08-06 10:59:19,28.31,28.19,ON
2026-08-06 10:59:20,28.31,28.19,ON
2026-08-06 10:59:22,28.31,28.19,ON
2026-08-06 10:59:23,28.31,28.19,ON
2026-08-06 10:59:24,28.31,28.19,ON
2026-08-06 10:59:26,28.31,28.19,ON
2026-08-06 10:59:27,28.31,28.19,ON
2026-08-06 10:59:28,28.31,28.19,ON
2026-08-06 10:59:30,28.31,28.19,ON
2026-08-06 10:59:31,28.31,28.19,ON
2026-08-06 10:59:32,28.31,28.19,ON
2026-08-06 10:59:34,28.31,28.19,ON
2026-08-06 10:59:35,28.31,28.19,ON
2026-08-06 10:59:36,28.31,28.19,ON
2026-08-06 10:59:38,28.31,28.19,ON
2026-08-06 10:59:39,28.31,28.19,ON
2026-08-06 10:59:40,28.31,28.19,ON
2026-08-06 10:59:42,28.31,28.19,ON
2026-08-06 10:59:43,28.31,28.19,ON
2026-08-06 10:59:44,28.31,28.19,ON
2026-08-06 10:59:46,28.31,28.19,ON
2026-08-06 10:59:47,28.31,28.12,ON
2026-08-06 10:59:48,28.31,28.19,ON
2026-08-06 10:59:50,28.31,28.19,ON
2026-08-06 10:59:51,28.31,28.19,ON
2026-08-06 10:59:52,28.31,28.19,ON
2026-08-06 10:59:54,28.31,28.19,ON
2026-08-06 10:59:55,28.31,28.19,ON
2026-08-06 10:59:56,28.31,28.19,ON
2026-08-06 10:59:58,28.31,28.19,ON
2026-08-06 10:59:59,28.31,28.19,ON
2026-08-06 11:00:00,28.31,28.19,ON
2026-08-06 11:00:02,28.31,28.19,ON
2026-08-06 11:00:03,28.31,28.19,ON
2026-08-06 11:00:04,28.31,28.19,ON
2026-08-06 11:00:06,28.31,28.19,ON
2026-08-06 11:00:07,28.31,28.19,ON
2026-08-06 11:00:08,28.31,28.19,ON
2026-08-06 11:00:10,28.31,28.19,ON
2026-08-06 11:00:11,28.31,28.19,ON
2026-08-06 11:00:12,28.31,28.19,ON
2026-08-06 11:00:14,28.31,28.19,ON
2026-08-06 11:00:15,28.31,28.19,ON
2026-08-06 11:00:16,28.31,28.19,ON
2026-08-06 11:00:18,28.31,28.19,ON
2026-08-06 11:00:19,28.31,28.19,ON
2026-08-06 11:00:20,28.31,28.19,ON
2026-08-06 11:00:22,28.31,28.19,ON
2026-08-06 11:00:23,28.31,28.19,ON
2026-08-06 11:00:24,28.31,28.19,ON
2026-08-06 11:00:26,28.31,28.19,ON
2026-08-06 11:00:27,28.31,28.19,ON
2026-08-06 11:00:28,28.31,28.19,ON
2026-08-06 11:00:30,28.31,28.19,ON
2026-08-06 11:00:31,28.31,28.19,ON
2026-08-06 11:00:32,28.25,28.19,ON
2026-08-06 11:00:34,28.31,28.19,ON
2026-08-06 11:00:35,28.31,28.19,ON
2026-08-06 11:00:36,28.31,28.19,ON
2026-08-06 11:00:38,28.31,28.19,ON
2026-08-06 11:00:39,28.31,28.19,ON
2026-08-06 11:00:40,28.25,28.19,ON
2026-08-06 11:00:42,28.25,28.19,ON
2026-08-06 11:00:43,28.31,28.19,ON
2026-08-06 11:00:44,28.31,28.19,OFF
2026-08-06 11:00:46,28.31,28.19,OFF
2026-08-06 11:00:47,28.31,28.19,OFF
2026-08-06 11:00:48,28.31,28.19,OFF
2026-08-06 11:00:50,28.31,28.19,OFF
2026-08-06 11:02:01,28.31,28.19,OFF
2026-08-06 11:02:02,28.31,28.19,OFF
2026-08-06 11:02:04,28.25,28.19,OFF
2026-08-06 11:02:05,28.31,28.19,OFF
2026-08-06 11:02:06,28.31,28.19,OFF
2026-08-06 11:02:08,28.31,28.19,OFF
2026-08-06 11:02:09,28.31,28.19,OFF
2026-08-06 11:02:10,28.31,28.19,OFF
2026-08-06 11:02:12,28.31,28.19,OFF
2026-08-06 11:02:13,28.31,28.19,OFF
2026-08-06 11:02:14,28.31,28.19,ON
2026-08-06 11:02:16,28.31,28.19,ON
2026-08-06 11:02:17,28.31,28.19,ON
2026-08-06 11:02:18,28.31,28.19,ON
2026-08-06 11:02:20,28.25,28.19,ON
2026-08-06 11:02:21,28.31,28.19,ON
2026-08-06 11:02:22,28.31,28.19,ON
2026-08-06 11:02:24,28.31,28.19,ON
2026-08-06 11:02:25,28.31,28.19,ON
2026-08-06 11:02:26,28.31,28.19,ON
2026-08-06 11:02:28,28.31,28.19,ON
2026-08-06 11:02:29,28.31,28.19,ON
2026-08-06 11:02:30,28.31,28.19,ON
2026-08-06 11:02:32,28.31,28.19,ON
2026-08-06 11:02:33,28.31,28.19,ON
2026-08-06 11:02:34,28.31,28.19,ON
2026-08-06 11:02:36,28.31,28.19,ON
2026-08-06 11:02:37,28.31,28.19,OFF
2026-08-06 11:02:38,28.31,28.19,OFF
2026-08-06 11:02:40,28.31,28.19,OFF
2026-08-06 11:02:41,28.31,28.19,OFF
2026-08-06 11:02:42,28.31,28.19,OFF
2026-08-06 11:02:44,28.31,28.19,OFF
2026-08-06 11:02:45,28.31,28.19,OFF
2026-08-06 11:02:46,28.31,28.19,OFF
2026-08-06 11:02:48,28.31,28.19,OFF
2026-08-06 11:02:49,28.31,28.19,OFF
2026-08-06 11:02:50,28.31,28.19,OFF
2026-08-06 11:02:52,28.31,28.19,OFF
2026-08-06 11:02:53,28.31,28.19,OFF
2026-08-06 11:02:54,28.31,28.19,OFF
2026-08-06 11:02:56,28.31,28.19,OFF
2026-08-06 11:02:57,28.31,28.25,OFF
2026-08-06 11:02:58,28.31,28.19,OFF
2026-08-06 11:03:00,28.31,28.19,OFF
2026-08-06 11:03:01,28.31,28.19,OFF
2026-08-06 11:03:02,28.31,28.19,OFF
2026-08-06 11:03:04,28.31,28.19,OFF
2026-08-06 11:03:05,28.31,28.19,OFF
2026-08-06 11:03:06,28.31,28.19,OFF
2026-08-06 11:03:08,28.31,28.19,OFF
2026-08-06 11:03:09,28.31,28.19,OFF
2026-08-06 11:03:10,28.31,28.19,OFF
2026-08-06 11:03:12,28.31,28.19,OFF
2026-08-06 11:03:13,28.31,28.19,OFF
2026-08-06 11:03:14,28.31,28.25,OFF
2026-08-06 11:03:16,28.31,28.19,OFF
2026-08-06 11:03:17,28.31,28.19,OFF
2026-08-06 11:03:18,28.31,28.19,OFF
2026-08-06 11:03:20,28.31,28.19,OFF
2026-08-06 11:03:21,28.31,28.19,OFF
2026-08-06 11:03:22,28.31,28.25,OFF
2026-08-06 11:03:24,28.25,28.19,OFF
2026-08-06 11:03:25,28.25,28.25,OFF
2026-08-06 11:03:26,28.31,28.19,OFF
2026-08-06 11:03:28,28.31,28.19,OFF
2026-08-06 11:03:29,28.31,28.19,OFF
2026-08-06 11:03:30,28.25,28.19,OFF
2026-08-06 11:03:32,28.31,28.25,OFF
2026-08-06 11:03:33,28.31,28.19,OFF
2026-08-06 11:03:34,28.31,28.19,OFF
2026-08-06 11:03:36,28.31,28.19,OFF
2026-08-06 11:03:37,28.31,28.19,OFF
2026-08-06 11:03:38,28.25,28.19,OFF
2026-08-06 11:03:40,28.31,28.19,OFF
2026-08-06 11:03:41,28.31,28.19,OFF
2026-08-06 11:03:42,28.25,28.25,OFF
2026-08-06 11:03:44,28.31,28.19,OFF
2026-08-06 11:03:45,28.31,28.19,OFF
2026-08-06 11:03:46,28.25,28.19,OFF
2026-08-06 11:03:48,28.31,28.19,OFF
2026-08-06 11:03:49,28.31,28.12,OFF
2026-08-06 11:03:50,28.31,28.19,OFF
2026-08-06 11:03:52,28.31,28.19,OFF
2026-08-06 11:03:53,28.31,28.19,OFF
2026-08-06 11:03:54,28.25,28.19,OFF
2026-08-06 11:03:56,28.25,28.19,OFF
2026-08-06 11:03:57,28.25,28.19,OFF
2026-08-06 11:03:58,28.31,28.19,OFF
2026-08-06 11:04:00,28.31,28.19,OFF
2026-08-06 11:04:01,28.31,28.19,OFF
2026-08-06 11:04:02,28.31,28.19,OFF
2026-08-06 11:04:04,28.31,28.19,OFF
2026-08-06 11:04:05,28.31,28.19,OFF
2026-08-06 11:04:06,28.31,28.12,OFF
2026-08-06 11:04:08,28.31,28.19,OFF
2026-08-06 11:04:09,28.31,28.19,OFF
2026-08-06 11:04:10,28.31,28.12,OFF
2026-08-06 11:04:12,28.31,28.12,OFF
2026-08-06 11:04:13,28.31,28.12,OFF
2026-08-06 11:04:14,28.31,28.19,OFF
2026-08-06 11:04:16,28.31,28.19,OFF
2026-08-06 11:04:17,28.31,28.19,OFF
2026-08-06 11:04:18,28.31,28.19,OFF
2026-08-06 11:04:20,28.31,28.19,OFF
2026-08-06 11:04:21,28.25,28.19,OFF
2026-08-06 11:04:22,28.31,28.19,OFF
2026-08-06 11:04:24,28.25,28.19,OFF
2026-08-06 11:04:25,28.31,28.12,OFF
2026-08-06 11:04:26,28.31,28.19,OFF
2026-08-06 11:04:28,28.31,28.19,OFF
2026-08-06 11:04:29,28.31,28.19,OFF
2026-08-06 11:04:30,28.31,28.19,OFF
2026-08-06 11:04:32,28.31,28.19,OFF
2026-08-06 11:04:33,28.31,28.19,OFF
2026-08-06 11:04:34,28.31,28.19,OFF
2026-08-06 11:04:36,28.31,28.19,OFF
2026-08-06 11:04:37,28.31,28.19,OFF
2026-08-06 11:04:38,28.31,28.19,OFF
2026-08-06 11:04:40,28.31,28.19,OFF
2026-08-06 11:04:41,28.25,28.19,OFF
2026-08-06 11:04:42,28.31,28.12,OFF
2026-08-06 11:04:44,28.31,28.19,OFF
2026-08-06 11:04:45,28.31,28.19,OFF
2026-08-06 11:04:46,28.25,28.19,OFF
2026-08-06 11:04:48,28.31,28.19,OFF
2026-08-06 11:04:49,28.31,28.19,OFF
2026-08-06 11:04:50,28.31,28.19,OFF
2026-08-06 11:04:52,28.31,28.19,OFF
2026-08-06 11:04:53,28.31,28.12,OFF
2026-08-06 11:04:54,28.31,28.19,OFF
2026-08-06 11:04:56,28.31,28.19,OFF
2026-08-06 11:04:57,28.31,28.19,OFF
2026-08-06 11:04:58,28.31,28.12,OFF
2026-08-06 11:05:00,28.31,28.19,OFF
2026-08-06 11:05:01,28.31,28.12,OFF
2026-08-06 11:05:02,28.31,28.12,OFF
2026-08-06 11:05:04,28.31,28.12,OFF
2026-08-06 11:05:05,28.31,28.19,OFF
2026-08-06 11:05:06,28.31,28.19,OFF
2026-08-06 11:05:08,28.31,28.12,OFF
2026-08-06 11:05:09,28.31,28.19,OFF
2026-08-06 11:05:10,28.31,28.12,OFF
2026-08-06 11:05:12,28.31,28.19,OFF
2026-08-06 11:05:13,28.31,28.12,OFF
2026-08-06 11:05:14,28.31,28.12,OFF
2026-08-06 11:05:16,28.31,28.19,OFF
2026-08-06 11:05:17,28.31,28.12,OFF
2026-08-06 11:05:18,28.31,28.19,OFF
2026-08-06 11:05:20,28.31,28.19,OFF
2026-08-06 11:05:21,28.31,28.12,OFF
2026-08-06 11:05:22,28.31,28.19,OFF
2026-08-06 11:05:24,28.31,28.12,OFF
2026-08-06 11:05:25,28.31,28.19,OFF
2026-08-06 11:05:26,28.31,28.19,OFF
2026-08-06 11:05:28,28.31,28.19,OFF
2026-08-06 11:05:29,28.31,28.12,OFF
2026-08-06 11:05:30,28.31,28.12,OFF
2026-08-06 11:05:32,28.31,28.19,OFF
2026-08-06 11:05:33,28.31,28.12,OFF
2026-08-06 11:05:34,28.31,28.19,OFF
2026-08-06 11:05:36,28.31,28.12,OFF
2026-08-06 11:05:37,28.31,28.19,OFF
2026-08-06 11:05:38,28.31,28.19,OFF
2026-08-06 11:05:40,28.31,28.19,OFF
2026-08-06 11:05:41,28.31,28.19,OFF
2026-08-06 11:05:42,28.31,28.12,OFF
2026-08-06 11:05:44,28.31,28.19,OFF
2026-08-06 11:05:45,28.31,28.19,OFF
2026-08-06 11:05:46,28.31,28.19,OFF
2026-08-06 11:05:48,28.31,28.19,OFF
2026-08-06 11:05:49,28.31,28.19,OFF
2026-08-06 11:05:50,28.31,28.12,OFF
2026-08-06 11:05:52,28.31,28.19,OFF
2026-08-06 11:05:53,28.31,28.19,OFF
2026-08-06 11:05:54,28.31,28.19,OFF
2026-08-06 11:05:56,28.31,28.19,OFF
2026-08-06 11:05:57,28.31,28.19,OFF
2026-08-06 11:05:58,28.31,28.19,OFF
2026-08-06 11:06:00,28.31,28.19,OFF
2026-08-06 11:06:01,28.31,28.12,OFF
2026-08-06 11:06:02,28.31,28.19,OFF
2026-08-06 11:06:04,28.31,28.19,OFF
2026-08-06 11:06:05,28.31,28.12,OFF
2026-08-06 11:06:06,28.31,28.19,OFF
2026-08-06 11:06:08,28.31,28.19,OFF
2026-08-06 11:06:09,28.31,28.19,OFF
2026-08-06 11:06:10,28.31,28.12,OFF
2026-08-06 11:06:12,28.31,28.12,OFF
2026-08-06 11:06:13,28.31,28.12,OFF
2026-08-06 11:06:14,28.31,28.12,OFF
2026-08-06 11:06:16,28.31,28.12,OFF
2026-08-06 11:06:17,28.31,28.12,OFF
2026-08-06 11:06:18,28.31,28.19,OFF
2026-08-06 11:06:20,28.31,28.12,OFF
2026-08-06 11:06:21,28.31,28.12,OFF
2026-08-06 11:06:22,28.31,28.12,OFF
2026-08-06 11:06:24,28.31,28.12,OFF
2026-08-06 11:06:25,28.31,28.19,OFF
2026-08-06 11:06:26,28.31,28.19,OFF
2026-08-06 11:06:28,28.31,28.12,OFF
2026-08-06 11:06:29,28.31,28.12,OFF
2026-08-06 11:06:30,28.31,28.12,OFF
2026-08-06 11:06:32,28.31,28.12,OFF
2026-08-06 11:06:33,28.31,28.12,OFF
2026-08-06 11:06:34,28.31,28.12,OFF
2026-08-06 11:06:36,28.31,28.19,OFF
2026-08-06 11:06:37,28.31,28.12,OFF
2026-08-06 11:06:38,28.31,28.19,OFF
2026-08-06 11:06:40,28.31,28.19,OFF
2026-08-06 11:06:41,28.31,28.12,OFF
2026-08-06 11:06:42,28.31,28.12,OFF
2026-08-06 11:06:44,28.31,28.12,OFF
2026-08-06 11:06:45,28.31,28.12,OFF
2026-08-06 11:06:46,28.31,28.12,OFF
2026-08-06 11:06:48,28.31,28.12,OFF
2026-08-06 11:06:49,28.31,28.19,OFF
2026-08-06 11:06:50,28.31,28.19,OFF
2026-08-06 11:06:52,28.31,28.19,OFF
2026-08-06 11:06:53,28.31,28.19,OFF
2026-08-06 11:06:54,28.37,28.19,OFF
2026-08-06 11:06:56,28.31,28.19,OFF
2026-08-06 11:06:57,28.31,28.19,OFF
2026-08-06 11:06:58,28.31,28.12,OFF
2026-08-06 11:07:00,28.31,28.19,OFF
2026-08-06 11:07:01,28.31,28.19,OFF
2026-08-06 11:07:02,28.31,28.19,OFF
2026-08-06 11:07:04,28.31,28.19,OFF
2026-08-06 11:07:05,28.31,28.19,OFF
2026-08-06 11:07:06,28.37,28.19,OFF
2026-08-06 11:07:08,28.31,28.19,OFF
2026-08-06 11:07:09,28.31,28.19,OFF
2026-08-06 11:07:10,28.37,28.19,OFF
2026-08-06 11:07:12,28.37,28.19,OFF
2026-08-06 11:07:13,28.37,28.19,OFF
2026-08-06 11:07:14,28.31,28.19,OFF
2026-08-06 11:07:16,28.31,28.19,OFF
2026-08-06 11:07:17,28.31,28.19,OFF
2026-08-06 11:07:18,28.31,28.19,OFF
2026-08-06 11:07:20,28.31,28.19,OFF
2026-08-06 11:07:21,28.31,28.25,OFF
2026-08-06 11:07:22,28.31,28.19,OFF
2026-08-06 11:07:24,28.37,28.19,OFF
2026-08-06 11:07:25,28.31,28.19,OFF
2026-08-06 11:07:26,28.31,28.19,OFF
2026-08-06 11:07:28,28.31,28.19,OFF
2026-08-06 11:07:29,28.37,28.19,OFF
2026-08-06 11:07:30,28.31,28.19,OFF
2026-08-06 11:07:32,28.31,28.19,OFF
2026-08-06 11:07:33,28.31,28.19,OFF
2026-08-06 11:07:34,28.31,28.19,OFF
2026-08-06 11:07:36,28.31,28.19,OFF
2026-08-06 11:07:37,28.37,28.25,OFF
2026-08-06 11:07:38,28.31,28.19,OFF
2026-08-06 11:07:40,28.31,28.19,OFF
2026-08-06 11:07:41,28.37,28.19,OFF
2026-08-06 11:07:42,28.31,28.19,OFF
2026-08-06 11:07:44,28.31,28.19,OFF
2026-08-06 11:07:45,28.37,28.19,OFF
2026-08-06 11:07:46,28.31,28.19,OFF
2026-08-06 11:07:48,28.31,28.19,OFF
2026-08-06 11:07:49,28.31,28.19,OFF
2026-08-06 11:07:50,28.37,28.19,OFF
2026-08-06 11:07:52,28.31,28.19,OFF
2026-08-06 11:07:53,28.37,28.19,OFF
2026-08-06 11:07:54,28.31,28.19,OFF
2026-08-06 11:07:56,28.31,28.19,OFF
2026-08-06 11:07:57,28.31,28.19,OFF
2026-08-06 11:07:58,28.37,28.19,OFF
2026-08-06 11:08:00,28.31,28.19,OFF
2026-08-06 11:08:01,28.37,28.19,OFF
2026-08-06 11:08:02,28.31,28.25,OFF
2026-08-06 11:08:04,28.37,28.19,OFF
2026-08-06 11:08:05,28.37,28.19,OFF
2026-08-06 11:08:06,28.31,28.19,OFF
2026-08-06 11:08:08,28.31,28.19,OFF
2026-08-06 11:08:09,28.31,28.25,OFF
2026-08-06 11:08:10,28.31,28.25,OFF
2026-08-06 11:08:12,28.37,28.19,OFF
2026-08-06 11:08:13,28.31,28.25,OFF
2026-08-06 11:08:14,28.31,28.25,OFF
2026-08-06 11:08:16,28.31,28.25,OFF
2026-08-06 11:09:45,28.37,28.25,OFF
2026-08-06 11:09:47,28.44,28.25,OFF
2026-08-06 11:09:48,28.37,28.25,OFF
2026-08-06 11:09:49,28.44,28.25,OFF
2026-08-06 11:09:51,28.37,28.19,OFF
2026-08-06 11:09:52,28.37,28.25,OFF
2026-08-06 11:09:53,28.37,28.25,OFF
2026-08-06 11:09:55,28.37,28.25,OFF
2026-08-06 11:09:56,28.37,28.19,OFF
2026-08-06 11:09:57,28.37,28.25,ON
2026-08-06 11:09:59,28.37,28.25,ON
2026-08-06 11:10:00,28.44,28.25,ON
2026-08-06 11:10:01,28.37,28.19,ON
2026-08-06 11:10:03,28.44,28.19,ON
2026-08-06 11:10:04,28.37,28.25,ON
2026-08-06 11:10:05,28.37,28.25,ON
2026-08-06 11:10:07,28.44,28.25,ON
2026-08-06 11:10:08,28.37,28.19,ON
2026-08-06 11:10:09,28.44,28.25,ON
2026-08-06 11:10:11,28.44,28.25,ON
2026-08-06 11:10:12,28.37,28.25,ON
2026-08-06 11:10:13,28.37,28.25,ON
2026-08-06 11:10:15,28.37,28.25,ON
2026-08-06 11:10:16,28.44,28.25,ON
2026-08-06 11:10:17,28.44,28.25,ON
2026-08-06 11:10:19,28.37,28.25,ON
2026-08-06 11:10:20,28.44,28.25,ON
2026-08-06 11:10:21,28.37,28.19,ON
2026-08-06 11:10:23,28.44,28.19,ON
2026-08-06 11:10:24,28.44,28.25,ON
2026-08-06 11:10:25,28.44,28.25,ON
2026-08-06 11:10:27,28.37,28.19,ON
2026-08-06 11:10:28,28.44,28.19,ON
2026-08-06 11:10:29,28.44,28.19,ON
2026-08-06 11:10:31,28.37,28.25,ON
2026-08-06 11:10:32,28.44,28.19,ON
2026-08-06 11:10:33,28.44,28.25,ON
2026-08-06 11:10:35,28.44,28.25,ON
2026-08-06 11:10:36,28.44,28.25,ON
2026-08-06 11:10:37,28.44,28.25,ON
2026-08-06 11:10:39,28.44,28.25,ON
2026-08-06 11:10:40,28.44,28.25,ON
2026-08-06 11:10:41,28.44,28.25,ON
2026-08-06 11:10:43,28.44,28.25,ON
2026-08-06 11:10:44,28.44,28.19,ON
2026-08-06 11:10:45,28.44,28.25,ON
2026-08-06 11:10:47,28.50,28.25,ON
2026-08-06 11:10:48,28.44,28.25,ON
2026-08-06 11:10:49,28.50,28.25,ON
2026-08-06 11:10:51,28.50,28.25,ON
2026-08-06 11:10:52,28.50,28.19,ON
2026-08-06 11:10:53,28.56,28.25,ON
2026-08-06 11:10:55,28.56,28.25,ON
2026-08-06 11:10:56,28.56,28.25,ON
2026-08-06 11:10:57,28.62,28.25,ON
2026-08-06 11:10:59,28.62,28.25,ON
2026-08-06 11:11:00,28.62,28.25,ON
2026-08-06 11:11:01,28.69,28.25,ON
2026-08-06 11:11:03,28.69,28.25,ON
2026-08-06 11:11:04,28.69,28.25,ON
2026-08-06 11:11:05,28.75,28.19,ON
2026-08-06 11:11:07,28.75,28.25,ON
2026-08-06 11:11:08,28.81,28.25,ON
2026-08-06 11:11:09,28.81,28.25,ON
2026-08-06 11:11:11,28.81,28.25,ON
2026-08-06 11:11:12,28.81,28.25,ON
2026-08-06 11:11:13,28.81,28.25,ON
2026-08-06 11:11:15,28.81,28.25,ON
2026-08-06 11:11:16,28.87,28.25,ON
2026-08-06 11:11:17,28.87,28.25,ON
2026-08-06 11:11:19,28.87,28.25,ON
2026-08-06 11:11:20,28.87,28.25,ON
2026-08-06 11:11:21,28.87,28.25,ON
2026-08-06 11:11:23,28.87,28.25,ON
2026-08-06 11:11:24,28.87,28.25,ON
2026-08-06 11:11:25,28.94,28.25,ON
2026-08-06 11:11:27,28.94,28.25,OFF
2026-08-06 11:11:28,28.87,28.25,OFF
2026-08-06 11:11:29,28.87,28.25,OFF
2026-08-06 11:11:31,28.94,28.25,OFF
2026-08-06 11:11:32,28.94,28.25,OFF
2026-08-06 11:11:33,28.87,28.25,OFF
2026-08-06 11:11:35,28.94,28.25,OFF
2026-08-06 11:11:36,28.94,28.25,OFF
2026-08-06 11:11:37,28.87,28.25,OFF
2026-08-06 11:11:39,28.87,28.25,OFF
2026-08-06 11:11:40,28.87,28.25,OFF
2026-08-06 11:11:41,28.94,28.25,OFF
2026-08-06 11:11:43,28.87,28.25,OFF
2026-08-06 11:11:44,28.87,28.25,OFF
2026-08-06 11:11:45,28.87,28.25,OFF
2026-08-06 11:11:47,28.87,28.25,OFF
2026-08-06 11:11:48,28.87,28.25,OFF
2026-08-06 11:11:49,28.87,28.25,OFF
2026-08-06 11:11:51,28.87,28.25,OFF
2026-08-06 11:11:52,28.87,28.25,OFF
2026-08-06 11:11:53,28.87,28.25,OFF
2026-08-06 11:11:55,28.87,28.25,OFF
2026-08-06 11:11:56,28.87,28.25,OFF
2026-08-06 11:11:57,28.87,28.25,OFF
2026-08-06 11:11:59,28.87,28.25,OFF
2026-08-06 11:12:00,28.87,28.25,OFF
2026-08-06 11:12:01,28.87,28.25,OFF
2026-08-06 11:12:03,28.87,28.25,OFF
2026-08-06 11:12:04,28.87,28.25,OFF
2026-08-06 11:12:05,28.87,28.25,OFF
2026-08-06 11:12:07,28.87,28.25,OFF
2026-08-06 11:12:08,28.87,28.25,OFF
2026-08-06 11:12:09,28.87,28.25,OFF
2026-08-06 11:12:11,28.87,28.25,OFF
2026-08-06 11:12:12,28.87,28.25,OFF
2026-08-06 11:12:13,28.87,28.25,OFF
2026-08-06 11:12:15,28.87,28.25,OFF
2026-08-06 11:12:16,28.87,28.25,OFF
2026-08-06 11:12:17,28.87,28.25,OFF
2026-08-06 11:12:19,28.87,28.25,OFF
2026-08-06 11:12:20,28.87,28.25,OFF
2026-08-06 11:12:21,28.87,28.25,OFF
2026-08-06 11:12:23,28.81,28.31,OFF
2026-08-06 11:12:24,28.81,28.25,OFF
2026-08-06 11:12:25,28.81,28.25,OFF
2026-08-06 11:12:27,28.87,28.31,OFF
2026-08-06 11:12:28,28.87,28.31,OFF
2026-08-06 11:12:29,28.81,28.31,OFF
2026-08-06 11:12:31,28.81,28.25,OFF
2026-08-06 11:12:32,28.81,28.31,OFF
2026-08-06 11:12:33,28.81,28.31,OFF
2026-08-06 11:12:34,28.87,28.25,OFF
2026-08-06 11:12:36,28.81,28.25,OFF
2026-08-06 11:12:37,28.81,28.25,OFF
2026-08-06 11:12:38,28.81,28.31,OFF
2026-08-06 11:12:40,28.81,28.25,OFF
2026-08-06 11:12:41,28.81,28.25,OFF
2026-08-06 11:12:42,28.81,28.25,OFF
2026-08-06 11:12:44,28.81,28.25,OFF
2026-08-06 11:12:45,28.81,28.31,OFF
2026-08-06 11:12:46,28.81,28.25,OFF
2026-08-06 11:12:48,28.87,28.25,OFF
2026-08-06 11:12:49,28.75,28.31,OFF
2026-08-06 11:12:50,28.81,28.31,OFF
2026-08-06 11:12:52,28.81,28.31,OFF
2026-08-06 11:12:53,28.81,28.31,OFF
2026-08-06 11:12:54,28.81,28.25,OFF
2026-08-06 11:12:56,28.75,28.25,OFF
2026-08-06 11:12:57,28.81,28.25,OFF
2026-08-06 11:12:58,28.81,28.31,OFF
2026-08-06 11:13:00,28.81,28.31,OFF
2026-08-06 11:13:01,28.81,28.31,OFF
2026-08-06 11:13:02,28.81,28.31,OFF
2026-08-06 11:13:04,28.81,28.25,OFF
2026-08-06 11:13:05,28.75,28.31,OFF
2026-08-06 11:13:06,28.81,28.31,OFF
2026-08-06 11:13:08,28.81,28.31,OFF
2026-08-06 11:13:09,28.81,28.31,OFF
2026-08-06 11:13:10,28.81,28.25,OFF
2026-08-06 11:13:12,28.81,28.31,OFF
2026-08-06 11:13:13,28.81,28.31,OFF
2026-08-06 11:13:14,28.81,28.31,OFF
2026-08-06 11:13:16,28.81,28.31,OFF
2026-08-06 11:13:17,28.81,28.31,OFF
2026-08-06 11:13:18,28.81,28.31,OFF
2026-08-06 11:13:20,28.75,28.31,OFF
2026-08-06 11:13:21,28.75,28.31,OFF
2026-08-06 11:13:22,28.81,28.31,OFF
2026-08-06 11:13:24,28.81,28.31,OFF
2026-08-06 11:13:25,28.81,28.31,OFF
2026-08-06 11:13:26,28.75,28.31,OFF
2026-08-06 11:13:28,28.75,28.31,OFF
2026-08-06 11:13:29,28.81,28.31,OFF
2026-08-06 11:13:30,28.75,28.31,OFF
2026-08-06 11:13:32,28.75,28.31,OFF
2026-08-06 11:13:33,28.75,28.31,OFF
2026-08-06 11:13:34,28.75,28.31,OFF
2026-08-06 11:13:36,28.75,28.31,OFF
2026-08-06 11:13:37,28.75,28.25,OFF
2026-08-06 11:13:38,28.75,28.31,OFF
2026-08-06 11:13:40,28.75,28.31,OFF
2026-08-06 11:13:41,28.75,28.31,OFF
2026-08-06 11:13:42,28.75,28.25,OFF
2026-08-06 11:13:44,28.75,28.31,OFF
2026-08-06 11:13:45,28.75,28.31,OFF
2026-08-06 11:13:46,28.75,28.31,OFF
2026-08-06 11:13:48,28.75,28.31,OFF
2026-08-06 11:13:49,28.75,28.25,OFF
2026-08-06 11:13:50,28.75,28.31,OFF
2026-08-06 11:13:52,28.75,28.31,OFF
2026-08-06 11:13:53,28.75,28.31,OFF
2026-08-06 11:13:54,28.75,28.31,OFF
2026-08-06 11:13:56,28.75,28.31,OFF
2026-08-06 11:13:57,28.75,28.25,OFF
2026-08-06 11:13:58,28.75,28.31,OFF
2026-08-06 11:14:00,28.75,28.31,OFF
2026-08-06 11:14:01,28.69,28.25,OFF
2026-08-06 11:14:02,28.75,28.25,OFF
2026-08-06 11:14:04,28.75,28.31,OFF
2026-08-06 11:14:05,28.75,28.31,OFF
2026-08-06 11:14:06,28.75,28.31,OFF
2026-08-06 11:14:08,28.75,28.31,OFF
2026-08-06 11:14:09,28.75,28.31,OFF
2026-08-06 11:14:10,28.75,28.31,OFF
2026-08-06 11:14:12,28.75,28.31,OFF
2026-08-06 11:14:13,28.75,28.25,OFF
2026-08-06 11:14:14,28.75,28.31,OFF
2026-08-06 11:14:16,28.75,28.31,OFF
2026-08-06 11:14:17,28.75,28.31,OFF
2026-08-06 11:14:18,28.75,28.31,OFF
2026-08-06 11:14:20,28.75,28.25,OFF
2026-08-06 11:14:21,28.75,28.31,OFF
2026-08-06 11:14:22,28.75,28.31,OFF
2026-08-06 11:14:24,28.75,28.31,OFF
2026-08-06 11:14:25,28.75,28.31,OFF
2026-08-06 11:14:26,28.75,28.31,OFF
2026-08-06 11:14:28,28.69,28.31,OFF
2026-08-06 11:14:29,28.75,28.31,OFF
2026-08-06 11:14:30,28.75,28.31,OFF
2026-08-06 11:14:32,28.75,28.31,OFF
2026-08-06 11:17:54,28.75,28.31,OFF
2026-08-06 11:17:55,28.69,28.31,OFF
2026-08-06 11:17:55,28.75,28.31,OFF
2026-08-06 11:17:55,28.75,28.31,OFF
2026-08-06 11:17:55,28.69,28.31,OFF
2026-08-06 11:17:55,28.75,28.31,OFF
2026-08-06 11:17:55,28.69,28.31,OFF
2026-08-06 11:17:55,28.75,28.31,OFF
2026-08-06 11:17:55,28.69,28.31,OFF
2026-08-06 11:17:55,28.75,28.31,OFF
2026-08-06 11:17:55,28.75,28.31,OFF
2026-08-06 11:17:56,28.75,28.31,OFF
2026-08-06 11:17:56,28.75,28.31,OFF
2026-08-06 11:17:56,28.69,28.31,OFF
2026-08-06 11:17:56,28.75,28.31,OFF
2026-08-06 11:17:56,28.75,28.37,OFF
2026-08-06 11:17:56,28.75,28.31,OFF
2026-08-06 11:17:56,28.75,28.31,OFF
2026-08-06 11:17:56,28.75,28.37,OFF
2026-08-06 11:17:56,28.75,28.31,OFF
2026-08-06 11:17:56,28.75,28.31,OFF
2026-08-06 11:17:56,28.69,28.31,OFF
2026-08-06 11:17:56,28.69,28.37,OFF
2026-08-06 11:17:56,28.75,28.37,OFF
2026-08-06 11:17:56,28.75,28.31,OFF
2026-08-06 11:17:56,28.75,28.31,OFF
2026-08-06 11:17:56,28.75,28.37,OFF
2026-08-06 11:17:56,28.75,28.37,OFF
2026-08-06 11:17:56,28.75,28.31,OFF
2026-08-06 11:17:56,28.75,28.31,OFF
2026-08-06 11:17:56,28.75,28.31,OFF
2026-08-06 11:17:56,28.75,28.31,OFF
2026-08-06 11:17:56,28.75,28.37,OFF
2026-08-06 11:17:56,28.75,28.37,OFF
2026-08-06 11:17:56,28.75,28.37,OFF
2026-08-06 11:17:57,28.75,28.37,OFF
2026-08-06 11:17:57,28.75,28.31,OFF
2026-08-06 11:17:57,28.75,28.37,OFF
2026-08-06 11:17:57,28.75,28.37,OFF
2026-08-06 11:17:57,-127.00,28.37,OFF
2026-08-06 11:17:57,-127.00,-127.00,OFF
2026-08-06 11:17:57,-127.00,28.37,OFF
2026-08-06 11:17:57,28.75,28.37,OFF
2026-08-06 11:17:57,28.75,28.37,OFF
2026-08-06 11:17:57,28.75,28.37,OFF
2026-08-06 11:17:57,28.75,28.37,OFF
2026-08-06 11:17:57,28.75,28.31,OFF
2026-08-06 11:17:57,28.75,28.37,OFF
2026-08-06 11:17:57,28.75,28.37,OFF
2026-08-06 11:17:57,28.75,28.37,OFF
2026-08-06 11:17:57,28.75,28.37,OFF
2026-08-06 11:17:57,28.75,28.37,OFF
2026-08-06 11:17:57,28.75,28.37,OFF
2026-08-06 11:17:57,28.75,28.37,OFF
2026-08-06 11:17:57,28.75,28.37,OFF
2026-08-06 11:17:57,28.75,28.31,OFF
2026-08-06 11:17:57,28.75,28.37,OFF
2026-08-06 11:17:57,28.75,28.37,OFF
2026-08-06 11:17:57,28.75,28.37,OFF
2026-08-06 11:17:57,28.75,28.37,OFF
2026-08-06 11:17:57,28.69,28.37,OFF
2026-08-06 11:17:57,28.75,28.37,OFF
2026-08-06 11:17:57,28.75,28.37,OFF
2026-08-06 11:17:57,28.75,28.37,OFF
2026-08-06 11:17:57,28.75,28.37,OFF
2026-08-06 11:17:57,28.75,28.37,OFF
2026-08-06 11:17:57,28.75,28.37,OFF
2026-08-06 11:17:57,28.75,28.37,OFF
2026-08-06 11:17:57,28.75,28.37,OFF
2026-08-06 11:17:57,28.75,28.37,OFF
2026-08-06 11:17:57,28.75,28.37,OFF
2026-08-06 11:17:57,28.75,28.37,OFF
2026-08-06 11:17:57,28.75,28.37,OFF
2026-08-06 11:17:57,28.75,28.37,OFF
2026-08-06 11:17:57,28.75,28.37,OFF
2026-08-06 11:17:58,28.75,28.37,OFF
2026-08-06 11:17:58,28.69,28.37,OFF
2026-08-06 11:17:58,28.75,28.37,OFF
2026-08-06 11:17:58,28.75,28.37,OFF
2026-08-06 11:17:58,28.75,28.37,OFF
2026-08-06 11:17:58,28.75,28.37,OFF
2026-08-06 11:17:58,28.75,28.37,OFF
2026-08-06 11:17:58,28.75,28.37,OFF
2026-08-06 11:17:58,28.75,28.37,OFF
2026-08-06 11:17:58,28.75,28.37,OFF
2026-08-06 11:17:58,28.75,28.37,OFF
2026-08-06 11:17:58,28.75,28.37,OFF
2026-08-06 11:17:58,28.75,28.37,OFF
2026-08-06 11:17:58,28.75,28.37,OFF
2026-08-06 11:17:58,28.75,28.37,OFF
2026-08-06 11:17:58,28.75,28.37,OFF
2026-08-06 11:17:58,28.75,28.37,OFF
2026-08-06 11:17:58,28.75,28.37,OFF
2026-08-06 11:17:58,28.75,28.37,OFF
2026-08-06 11:17:58,28.75,28.37,OFF
2026-08-06 11:17:58,28.75,28.37,OFF
2026-08-06 11:17:58,28.75,28.37,OFF
2026-08-06 11:17:58,28.75,28.31,OFF
2026-08-06 11:17:58,28.75,28.37,OFF
2026-08-06 11:17:58,28.75,28.37,OFF
2026-08-06 11:17:58,28.75,28.31,OFF
2026-08-06 11:17:58,28.75,28.37,OFF
2026-08-06 11:17:58,28.75,28.37,OFF
2026-08-06 11:17:58,28.75,28.37,OFF
2026-08-06 11:17:58,28.75,28.37,OFF
2026-08-06 11:17:58,28.75,28.37,OFF
2026-08-06 11:17:58,28.75,28.37,OFF
2026-08-06 11:17:58,28.75,28.37,OFF
2026-08-06 11:17:58,28.75,28.37,OFF
2026-08-06 11:17:58,28.69,28.37,OFF
2026-08-06 11:17:58,28.75,28.31,OFF
2026-08-06 11:17:58,28.75,28.37,OFF
2026-08-06 11:17:58,28.75,28.31,OFF
2026-08-06 11:17:58,28.75,28.31,OFF
2026-08-06 11:17:58,28.75,28.37,OFF
2026-08-06 11:17:58,28.75,28.37,OFF
2026-08-06 11:17:58,28.75,28.31,OFF
2026-08-06 11:17:58,28.75,28.31,OFF
2026-08-06 11:17:59,28.75,28.37,OFF
2026-08-06 11:17:59,28.75,28.37,OFF
2026-08-06 11:17:59,28.75,28.37,OFF
2026-08-06 11:17:59,28.75,28.31,OFF
2026-08-06 11:17:59,28.75,28.37,OFF
2026-08-06 11:17:59,28.75,28.31,OFF
2026-08-06 11:17:59,28.75,28.31,OFF
2026-08-06 11:17:59,28.75,28.31,OFF
2026-08-06 11:17:59,28.75,28.31,OFF
2026-08-06 11:17:59,28.75,28.31,OFF
2026-08-06 11:17:59,28.75,28.37,OFF
2026-08-06 11:17:59,28.75,28.31,OFF
2026-08-06 11:17:59,28.69,28.31,OFF
2026-08-06 11:17:59,28.69,28.37,OFF
2026-08-06 11:17:59,28.75,28.31,OFF
2026-08-06 11:17:59,28.75,28.37,OFF
2026-08-06 11:17:59,28.75,28.31,OFF
2026-08-06 11:17:59,28.75,28.31,OFF
2026-08-06 11:17:59,28.69,28.31,OFF
2026-08-06 11:17:59,28.75,28.37,OFF
2026-08-06 11:17:59,28.75,28.31,OFF
2026-08-06 11:17:59,28.75,28.31,OFF
2026-08-06 11:17:59,28.75,28.37,OFF
2026-08-06 11:17:59,28.75,28.31,OFF
2026-08-06 11:17:59,28.75,28.31,OFF
2026-08-06 11:17:59,28.75,28.31,OFF
2026-08-06 11:17:59,28.75,28.31,OFF
2026-08-06 11:17:59,28.69,28.31,OFF
2026-08-06 11:17:59,28.75,28.31,OFF
2026-08-06 11:17:59,28.69,28.31,OFF
2026-08-06 11:17:59,28.75,28.31,OFF
2026-08-06 11:17:59,28.75,28.31,OFF
2026-08-06 11:17:59,28.75,28.31,OFF
2026-08-06 11:17:59,28.75,28.31,OFF
2026-08-06 11:17:59,28.75,28.31,OFF
2026-08-06 11:17:59,28.75,28.31,OFF
2026-08-06 11:17:59,28.75,28.37,OFF
2026-08-06 11:17:59,28.75,28.31,OFF
2026-08-06 11:19:12,28.75,28.31,OFF
2026-08-06 11:19:12,28.75,28.31,OFF
2026-08-06 11:19:12,28.75,28.31,OFF
2026-08-06 11:19:12,28.75,28.31,OFF
2026-08-06 11:19:12,28.75,28.31,OFF
2026-08-06 11:19:12,28.75,28.31,OFF
2026-08-06 11:19:13,28.75,28.31,OFF
2026-08-06 11:19:13,28.75,28.31,OFF
2026-08-06 11:19:13,28.75,28.31,OFF
2026-08-06 11:19:13,28.75,28.31,OFF
2026-08-06 11:19:13,28.75,28.31,OFF
2026-08-06 11:19:13,28.75,28.31,OFF
2026-08-06 11:19:13,28.69,28.31,OFF
2026-08-06 11:19:13,28.75,28.37,OFF
2026-08-06 11:19:13,28.75,28.37,OFF
2026-08-06 11:19:13,28.75,28.31,OFF
2026-08-06 11:19:13,28.75,28.31,OFF
2026-08-06 11:19:13,28.75,28.31,OFF
2026-08-06 11:19:13,28.75,28.31,OFF
2026-08-06 11:19:13,28.75,28.31,OFF
2026-08-06 11:19:13,28.75,28.37,OFF
2026-08-06 11:19:13,28.75,28.31,OFF
2026-08-06 11:19:13,28.75,28.31,OFF
2026-08-06 11:19:13,28.75,28.31,OFF
2026-08-06 11:19:13,28.75,28.31,OFF
2026-08-06 11:19:13,28.75,28.31,OFF
2026-08-06 11:19:13,28.75,28.31,OFF
2026-08-06 11:19:13,28.75,28.37,OFF
2026-08-06 11:19:13,28.75,28.31,OFF
2026-08-06 11:19:13,28.75,28.31,OFF
2026-08-06 11:19:13,28.75,28.31,OFF
2026-08-06 11:19:13,28.75,28.37,OFF
2026-08-06 11:19:13,28.75,28.31,OFF
2026-08-06 11:19:13,28.75,28.31,OFF
2026-08-06 11:19:13,28.75,28.37,OFF
2026-08-06 11:19:13,28.75,28.37,OFF
2026-08-06 11:19:13,28.75,28.37,OFF
2026-08-06 11:19:14,28.75,28.31,OFF
2026-08-06 11:19:14,28.75,28.31,OFF
2026-08-06 11:19:14,28.75,28.37,OFF
2026-08-06 11:19:14,28.75,28.31,OFF
2026-08-06 11:19:14,28.75,28.37,OFF
2026-08-06 11:19:14,28.75,28.31,OFF
2026-08-06 11:19:14,28.75,28.31,OFF
2026-08-06 11:19:14,28.75,28.31,OFF
2026-08-06 11:19:14,28.75,28.31,OFF
2026-08-06 11:19:14,28.75,28.31,OFF
2026-08-06 11:19:14,28.75,28.31,OFF
2026-08-06 11:19:14,28.75,28.31,OFF
2026-08-06 11:19:14,28.75,28.31,OFF
2026-08-06 11:19:14,28.75,28.37,OFF
2026-08-06 11:19:14,28.75,28.31,OFF
2026-08-06 11:19:14,28.75,28.31,OFF
2026-08-06 11:19:14,28.75,28.37,OFF
2026-08-06 11:19:14,28.75,28.37,OFF
2026-08-06 11:19:14,28.75,28.31,OFF
2026-08-06 11:19:15,28.75,28.37,OFF
2026-08-06 11:19:16,28.75,28.31,OFF
2026-08-06 11:19:18,28.75,28.31,OFF
2026-08-06 11:19:19,28.75,28.31,OFF
2026-08-06 11:19:20,28.75,28.31,OFF
2026-08-06 11:19:22,28.75,28.37,OFF
2026-08-06 11:19:23,28.75,28.37,ON
2026-08-06 11:19:24,28.75,28.37,ON
2026-08-06 11:19:26,28.75,28.37,ON
2026-08-06 11:19:27,28.75,28.37,ON
2026-08-06 11:19:28,28.75,28.37,ON
2026-08-06 11:19:30,28.75,28.37,ON
2026-08-06 11:19:31,28.75,28.31,ON
2026-08-06 11:19:32,28.75,28.31,ON
2026-08-06 11:19:34,28.75,28.37,ON
2026-08-06 11:19:35,28.75,28.31,ON
2026-08-06 11:19:36,28.75,28.31,ON
2026-08-06 11:19:38,28.75,28.31,ON
2026-08-06 11:19:39,28.75,28.37,ON
2026-08-06 11:19:40,28.75,28.31,ON
2026-08-06 11:19:42,28.75,28.37,ON
2026-08-06 11:19:43,28.75,28.31,ON
2026-08-06 11:19:44,28.75,28.37,ON
2026-08-06 11:19:46,28.75,28.37,ON
2026-08-06 11:19:47,28.75,28.37,ON
2026-08-06 11:19:48,28.75,28.37,ON
2026-08-06 11:19:50,28.75,28.37,ON
2026-08-06 11:19:51,28.75,28.37,ON
2026-08-06 11:19:52,28.75,28.37,ON
2026-08-06 11:19:54,28.75,28.37,ON
2026-08-06 11:19:55,28.75,28.37,ON
2026-08-06 11:19:56,28.75,28.37,ON
2026-08-06 11:19:58,28.75,28.37,ON
2026-08-06 11:19:59,28.75,28.37,ON
2026-08-06 11:20:00,28.75,28.37,ON
2026-08-06 11:20:01,28.75,28.37,ON
2026-08-06 11:20:03,28.75,28.37,ON
2026-08-06 11:20:04,28.75,28.37,ON
2026-08-06 11:20:05,28.81,28.37,ON
2026-08-06 11:20:07,28.75,28.37,ON
2026-08-06 11:20:08,28.75,28.37,ON
2026-08-06 11:20:09,28.75,28.44,ON
2026-08-06 11:20:11,28.75,28.37,ON
2026-08-06 11:20:12,28.75,28.37,ON
2026-08-06 11:20:13,28.75,28.37,ON
2026-08-06 11:20:15,28.75,28.37,ON
2026-08-06 11:20:16,28.75,28.37,ON
2026-08-06 11:20:17,28.75,28.37,ON
2026-08-06 11:20:19,28.75,28.37,ON
2026-08-06 11:20:20,28.75,28.37,ON
2026-08-06 11:20:21,28.75,28.37,ON
2026-08-06 11:20:23,28.75,28.44,ON
2026-08-06 11:20:24,28.75,28.44,ON
2026-08-06 11:20:25,28.75,28.37,ON
2026-08-06 11:20:27,28.75,28.37,ON
2026-08-06 11:20:28,28.75,28.37,ON
2026-08-06 11:20:29,28.75,28.37,ON
2026-08-06 11:20:31,28.75,28.37,ON
2026-08-06 11:20:32,28.75,28.37,ON
2026-08-06 11:20:33,28.75,28.44,ON
2026-08-06 11:20:35,28.75,28.44,ON
2026-08-06 11:20:36,28.75,28.44,ON
2026-08-06 11:20:37,28.75,28.44,ON
2026-08-06 11:20:39,28.75,28.44,ON
2026-08-06 11:20:40,28.75,28.44,ON
2026-08-06 11:20:41,28.75,28.44,ON
2026-08-06 11:20:43,28.75,28.44,ON
2026-08-06 11:20:44,28.75,28.44,ON
2026-08-06 11:20:45,28.75,28.44,ON
2026-08-06 11:20:47,28.75,28.44,ON
2026-08-06 11:20:48,28.75,28.44,ON
2026-08-06 11:20:49,28.75,28.44,ON
2026-08-06 11:20:51,28.75,28.44,ON
2026-08-06 11:20:52,28.75,28.44,ON
2026-08-06 11:20:53,28.75,28.44,ON
2026-08-06 11:20:55,28.75,28.44,ON
2026-08-06 11:20:56,28.75,28.44,ON
2026-08-06 11:20:57,28.75,28.44,OFF
2026-08-06 11:20:59,28.75,28.44,OFF
2026-08-06 11:21:00,28.75,28.44,OFF
2026-08-06 11:21:01,28.75,28.44,OFF
2026-08-06 11:21:03,28.75,28.44,OFF
2026-08-06 11:21:04,28.75,28.44,OFF
2026-08-06 11:21:05,28.75,28.44,OFF
2026-08-06 11:21:07,28.75,28.44,OFF
2026-08-06 11:21:08,28.75,28.44,OFF
2026-08-06 11:21:09,28.75,28.44,OFF
2026-08-06 11:21:11,28.75,28.44,OFF
2026-08-06 11:21:12,28.75,28.44,OFF
2026-08-06 11:21:13,28.75,28.44,OFF
2026-08-06 11:21:15,28.75,28.44,OFF
2026-08-06 11:21:16,28.75,28.44,OFF
2026-08-06 11:21:17,28.75,28.44,OFF
2026-08-06 11:21:19,28.75,28.44,OFF
2026-08-06 11:21:20,28.75,28.44,OFF
2026-08-06 11:21:21,28.75,28.44,OFF
2026-08-06 11:21:23,28.75,28.44,OFF
2026-08-06 11:21:24,28.75,28.44,OFF
2026-08-06 11:21:25,28.75,28.44,OFF
2026-08-06 11:21:27,28.75,28.44,OFF
2026-08-06 11:21:28,28.75,28.44,OFF
2026-08-06 11:21:29,28.75,28.50,OFF
2026-08-06 11:21:31,28.75,28.44,OFF
2026-08-06 11:21:32,28.75,28.44,OFF
2026-08-06 11:21:33,28.75,28.44,OFF
2026-08-06 11:21:35,28.75,28.50,OFF
2026-08-06 11:21:36,28.75,28.44,OFF
2026-08-06 11:21:37,28.75,28.44,OFF
2026-08-06 11:21:39,28.75,28.50,OFF
2026-08-06 11:21:40,28.75,28.44,OFF
2026-08-06 11:21:41,28.75,28.50,OFF
2026-08-06 11:21:43,28.75,28.50,OFF
2026-08-06 11:21:44,28.75,28.44,OFF
2026-08-06 11:21:45,28.75,28.50,OFF
2026-08-06 11:21:47,28.75,28.44,OFF
2026-08-06 11:21:48,28.75,28.44,OFF
2026-08-06 11:21:49,28.75,28.44,OFF
2026-08-06 11:21:51,28.75,28.44,OFF
2026-08-06 11:21:52,28.75,28.44,OFF
2026-08-06 11:21:53,28.75,28.44,OFF
2026-08-06 11:21:55,28.75,28.44,OFF
2026-08-06 11:21:56,28.75,28.50,OFF
2026-08-06 11:21:57,28.75,28.50,OFF
2026-08-06 11:21:59,28.75,28.44,OFF
2026-08-06 11:22:00,28.75,28.44,OFF
2026-08-06 11:22:01,28.75,28.50,OFF
2026-08-06 11:22:03,28.75,28.50,OFF
2026-08-06 11:22:04,28.75,28.44,OFF
2026-08-06 11:22:05,28.75,28.50,OFF
2026-08-06 11:22:07,28.75,28.44,OFF
2026-08-06 11:22:08,28.75,28.50,OFF
2026-08-06 11:22:09,28.75,28.50,OFF
2026-08-06 11:22:11,28.75,28.44,OFF
2026-08-06 11:22:12,28.75,28.50,OFF
2026-08-06 11:22:13,28.75,28.50,OFF
2026-08-06 11:22:15,28.75,28.44,OFF
2026-08-06 11:22:16,28.75,28.50,OFF
2026-08-06 11:22:17,28.75,28.44,OFF
2026-08-06 11:22:19,28.75,28.50,OFF
2026-08-06 11:22:20,28.75,28.44,OFF
2026-08-06 11:22:21,28.75,28.50,OFF
2026-08-06 11:22:23,28.75,28.44,OFF
2026-08-06 11:22:24,28.75,28.44,OFF
2026-08-06 11:22:25,28.75,28.44,OFF
2026-08-06 11:22:27,28.75,28.50,OFF
2026-08-06 11:22:28,28.75,28.44,OFF
2026-08-06 11:22:29,28.75,28.44,OFF
2026-08-06 11:22:31,28.75,28.44,OFF
2026-08-06 11:22:32,28.75,28.44,OFF
2026-08-06 11:22:33,28.75,28.50,OFF
2026-08-06 11:22:35,28.75,28.44,OFF
2026-08-06 11:22:36,28.75,28.44,OFF
2026-08-06 11:22:37,28.75,28.50,OFF
2026-08-06 11:22:39,28.75,28.44,OFF
2026-08-06 11:22:40,28.75,28.50,OFF
2026-08-06 11:22:41,28.75,28.50,OFF
2026-08-06 11:22:43,28.75,28.44,OFF
2026-08-06 11:22:44,28.75,28.44,OFF
2026-08-06 11:22:45,28.75,28.44,OFF
2026-08-06 11:22:47,28.75,28.44,OFF
2026-08-06 11:22:48,28.75,28.44,OFF
2026-08-06 11:22:49,28.75,28.44,OFF
2026-08-06 11:22:51,28.75,28.44,OFF
2026-08-06 11:22:52,28.75,28.50,OFF
2026-08-06 11:22:53,28.75,28.44,OFF
2026-08-06 11:22:55,28.75,28.44,OFF
2026-08-06 11:22:56,28.75,28.44,OFF
2026-08-06 11:22:57,28.75,28.44,OFF
2026-08-06 11:22:59,28.75,28.44,OFF
2026-08-06 11:23:00,28.75,28.44,OFF
2026-08-06 11:23:01,28.75,28.44,OFF
2026-08-06 11:23:03,28.75,28.44,OFF
2026-08-06 11:23:04,28.75,28.44,OFF
2026-08-06 11:23:05,28.75,28.44,OFF
2026-08-06 11:23:07,28.75,28.44,OFF
2026-08-06 11:23:08,28.75,28.44,OFF
2026-08-06 11:23:09,28.75,28.44,OFF
2026-08-06 11:23:11,28.75,28.44,OFF
2026-08-06 11:23:12,28.75,28.44,OFF
2026-08-06 11:23:13,28.75,28.44,OFF
2026-08-06 11:23:15,28.75,28.44,OFF
2026-08-06 11:23:16,28.75,28.44,OFF
2026-08-06 11:23:17,28.75,28.44,OFF
2026-08-06 11:23:19,28.75,28.44,OFF
2026-08-06 11:23:20,28.75,28.44,OFF
2026-08-06 11:23:21,28.75,28.37,OFF
2026-08-06 11:23:23,28.75,28.44,OFF
2026-08-06 11:23:24,28.75,28.37,OFF
2026-08-06 11:23:25,28.75,28.37,OFF
2026-08-06 11:23:27,28.69,28.37,OFF
2026-08-06 11:23:28,28.75,28.37,OFF
2026-08-06 11:23:29,28.75,28.44,OFF
2026-08-06 11:23:31,28.75,28.37,OFF
2026-08-06 11:23:32,28.75,28.44,OFF
2026-08-06 11:23:33,28.69,28.37,OFF
2026-08-06 11:23:35,28.75,28.44,OFF
2026-08-06 11:23:36,28.75,28.44,OFF
2026-08-06 11:23:37,28.69,28.37,OFF
2026-08-06 11:23:39,28.75,28.44,OFF
2026-08-06 11:23:40,28.75,28.37,OFF
2026-08-06 11:23:41,28.69,28.44,OFF
2026-08-06 11:23:43,28.75,28.37,OFF
2026-08-06 11:23:44,28.69,28.37,OFF
2026-08-06 11:23:45,28.75,28.37,OFF
2026-08-06 11:23:47,28.75,28.37,OFF
2026-08-06 11:23:48,28.75,28.37,OFF
2026-08-06 11:23:49,28.75,28.37,OFF
2026-08-06 11:23:51,28.75,28.37,OFF
2026-08-06 11:23:52,28.75,28.37,OFF
2026-08-06 11:23:53,28.69,28.37,OFF
2026-08-06 11:23:55,28.75,28.37,OFF
2026-08-06 11:23:56,28.69,28.37,OFF
2026-08-06 11:23:57,28.69,28.37,OFF
2026-08-06 11:23:59,28.75,28.37,OFF
2026-08-06 11:24:00,28.75,28.37,OFF
2026-08-06 11:24:01,28.69,28.37,OFF
2026-08-06 11:24:03,28.69,28.37,OFF
2026-08-06 11:24:04,28.69,28.37,OFF
2026-08-06 11:24:05,28.69,28.37,OFF
2026-08-06 11:24:07,28.69,28.37,OFF
2026-08-06 11:24:08,28.75,28.37,OFF
2026-08-06 11:24:09,28.75,28.37,OFF
2026-08-06 11:24:11,28.75,28.37,OFF
2026-08-06 11:24:12,28.69,28.37,OFF
2026-08-06 11:24:13,28.69,28.31,OFF
2026-08-06 11:24:15,28.75,28.31,OFF
2026-08-06 11:24:16,28.75,28.37,OFF
2026-08-06 11:24:17,28.75,28.37,OFF
2026-08-06 11:24:19,28.69,28.37,OFF
2026-08-06 11:24:20,28.69,28.37,OFF
2026-08-06 11:24:21,28.69,28.31,OFF
2026-08-06 11:24:23,28.69,28.37,OFF
2026-08-06 11:24:24,28.69,28.37,OFF
2026-08-06 11:24:25,28.69,28.37,OFF
2026-08-06 11:24:27,28.69,28.37,OFF
2026-08-06 11:24:28,28.69,28.37,OFF
2026-08-06 11:24:29,28.69,28.31,OFF
2026-08-06 11:24:31,28.69,28.37,OFF
2026-08-06 11:24:32,28.69,28.37,OFF
2026-08-06 11:24:33,28.69,28.37,OFF
2026-08-06 11:24:35,28.69,28.37,OFF
2026-08-06 11:24:36,28.69,28.37,OFF
2026-08-06 11:24:37,28.69,28.37,OFF
2026-08-06 11:24:39,28.69,28.31,OFF
2026-08-06 11:24:40,28.69,28.37,OFF
2026-08-06 11:24:41,28.69,28.31,OFF
2026-08-06 11:24:43,28.69,28.31,OFF
2026-08-06 11:24:44,28.69,28.31,OFF
2026-08-06 11:24:45,28.69,28.31,OFF
2026-08-06 11:24:47,28.69,28.37,OFF
2026-08-06 11:24:48,28.69,28.31,OFF
2026-08-06 11:24:49,28.69,28.37,OFF
2026-08-06 11:24:51,28.69,28.37,OFF
2026-08-06 11:24:52,28.69,28.37,OFF
2026-08-06 11:24:53,28.69,28.37,OFF
2026-08-06 11:24:55,28.69,28.37,OFF
2026-08-06 11:24:56,28.69,28.37,OFF
2026-08-06 11:24:57,28.69,28.37,OFF
2026-08-06 11:24:59,28.69,28.31,OFF
2026-08-06 11:25:00,28.69,28.37,OFF
2026-08-06 11:25:01,28.69,28.37,OFF
2026-08-06 11:25:03,28.69,28.37,OFF
2026-08-06 11:25:04,28.69,28.31,OFF
2026-08-06 11:25:05,28.69,28.31,OFF
2026-08-06 11:25:07,28.62,28.31,OFF
2026-08-06 11:25:08,28.69,28.37,OFF
2026-08-06 11:25:09,28.69,28.31,OFF
2026-08-06 11:25:11,28.69,28.31,OFF
2026-08-06 11:25:12,28.69,28.31,OFF
2026-08-06 11:25:13,28.69,28.31,OFF
2026-08-06 11:25:15,28.69,28.31,OFF
2026-08-06 11:25:16,28.69,28.31,OFF
2026-08-06 11:25:17,28.69,28.37,OFF
2026-08-06 11:25:19,28.69,28.31,OFF
2026-08-06 11:25:20,28.69,28.31,OFF
2026-08-06 11:25:21,28.62,28.31,OFF
2026-08-06 11:25:23,28.69,28.31,OFF
2026-08-06 11:25:24,28.69,28.31,OFF
2026-08-06 11:25:25,28.69,28.31,OFF
2026-08-06 11:25:27,28.69,28.31,OFF
2026-08-06 11:25:28,28.69,28.31,OFF
2026-08-06 11:25:29,28.69,28.31,OFF
2026-08-06 11:25:31,28.62,28.31,OFF
2026-08-06 11:25:32,28.62,28.31,OFF
2026-08-06 11:25:33,28.69,28.31,OFF
2026-08-06 11:25:35,28.62,28.31,OFF
2026-08-06 11:25:36,28.62,28.31,OFF
2026-08-06 11:25:37,28.62,28.31,OFF
2026-08-06 11:25:39,28.62,28.31,OFF
2026-08-06 11:25:40,28.62,28.31,OFF
2026-08-06 11:25:41,28.69,28.31,OFF
2026-08-06 11:25:43,28.62,28.31,OFF
2026-08-06 11:25:44,28.69,28.31,OFF
2026-08-06 11:25:45,28.69,28.31,OFF
2026-08-06 11:25:47,28.69,28.31,OFF
2026-08-06 11:25:48,28.62,28.31,OFF
2026-08-06 11:25:49,28.69,28.31,OFF
2026-08-06 11:25:51,28.62,28.31,OFF
2026-08-06 11:25:52,28.69,28.31,OFF
2026-08-06 11:25:53,28.69,28.31,OFF
2026-08-06 11:25:55,28.62,28.31,OFF
2026-08-06 11:25:56,28.62,28.31,OFF
2026-08-06 11:25:57,28.62,28.31,OFF
2026-08-06 11:25:59,28.62,28.31,OFF
2026-08-06 11:26:00,28.62,28.31,OFF
2026-08-06 11:26:01,28.69,28.31,OFF
2026-08-06 11:26:03,28.62,28.31,OFF
2026-08-06 11:26:04,28.62,28.31,OFF
2026-08-06 11:26:05,28.62,28.31,OFF
2026-08-06 11:26:07,28.62,28.31,OFF
2026-08-06 11:26:08,28.62,28.31,OFF
2026-08-06 11:26:09,28.62,28.25,OFF
2026-08-06 11:26:11,28.62,28.31,OFF
2026-08-06 11:26:12,28.62,28.31,OFF
2026-08-06 11:26:13,28.62,28.31,OFF
2026-08-06 11:26:15,28.62,28.31,OFF
2026-08-06 11:26:16,28.62,28.31,OFF
2026-08-06 11:26:17,28.62,28.31,OFF
2026-08-06 11:26:19,28.62,28.31,OFF
2026-08-06 11:26:20,28.62,28.31,OFF
2026-08-06 11:26:21,28.62,28.25,OFF
2026-08-06 11:26:23,28.62,28.31,OFF
2026-08-06 11:26:24,28.62,28.25,OFF
2026-08-06 11:26:25,28.62,28.25,OFF
2026-08-06 11:26:27,28.62,28.25,OFF
2026-08-06 11:26:28,28.62,28.31,OFF
2026-08-06 11:26:29,28.62,28.25,OFF
2026-08-06 11:26:31,28.62,28.25,OFF
2026-08-06 11:26:32,28.62,28.25,OFF
2026-08-06 11:26:33,28.62,28.25,OFF
2026-08-06 11:26:35,28.62,28.25,OFF
2026-08-06 11:26:36,28.62,28.25,OFF
2026-08-06 11:26:37,28.62,28.25,OFF
2026-08-06 11:26:39,28.62,28.31,OFF
2026-08-06 11:26:40,28.62,28.25,OFF
2026-08-06 11:26:41,28.62,28.25,OFF
2026-08-06 11:26:43,28.62,28.25,OFF
2026-08-06 11:26:44,28.62,28.31,OFF
2026-08-06 11:26:45,28.62,28.25,OFF
2026-08-06 11:26:47,28.62,28.25,OFF
2026-08-06 11:26:48,28.62,28.25,OFF
2026-08-06 11:26:49,28.62,28.25,OFF
2026-08-06 11:26:51,28.56,28.25,OFF
2026-08-06 11:26:52,28.62,28.25,OFF
2026-08-06 11:26:53,28.62,28.31,OFF
2026-08-06 11:26:55,28.62,28.31,OFF
2026-08-06 11:26:56,28.62,28.25,OFF
2026-08-06 11:26:57,28.62,28.25,OFF
2026-08-06 11:26:59,28.62,28.25,OFF
2026-08-06 11:27:00,28.62,28.25,OFF
2026-08-06 11:27:01,28.62,28.31,OFF
2026-08-06 11:27:03,28.56,28.25,OFF
2026-08-06 11:27:04,28.62,28.25,OFF
2026-08-06 11:27:05,28.62,28.25,OFF
2026-08-06 11:27:07,28.62,28.25,OFF
2026-08-06 11:27:08,28.62,28.25,OFF
2026-08-06 11:27:09,28.62,28.25,OFF
2026-08-06 11:27:11,28.62,28.25,OFF
2026-08-06 11:27:12,28.62,28.25,OFF
2026-08-06 11:27:13,28.62,28.25,OFF
2026-08-06 11:27:15,28.62,28.31,OFF
2026-08-06 11:27:16,28.62,28.25,OFF
2026-08-06 11:27:17,28.62,28.25,OFF
2026-08-06 11:27:19,28.62,28.25,OFF
2026-08-06 11:27:20,28.62,28.31,OFF
2026-08-06 11:27:21,28.62,28.25,OFF
2026-08-06 11:27:23,28.62,28.31,OFF
2026-08-06 11:27:24,28.62,28.25,OFF
2026-08-06 11:27:25,28.62,28.25,OFF
2026-08-06 11:27:27,28.62,28.25,OFF
2026-08-06 11:27:28,28.62,28.25,OFF
2026-08-06 11:27:29,28.56,28.31,OFF
2026-08-06 11:27:31,28.62,28.25,OFF
2026-08-06 11:27:32,28.56,28.25,OFF
2026-08-06 11:27:33,28.62,28.25,OFF
2026-08-06 11:27:35,28.62,28.25,OFF
2026-08-06 11:27:36,28.62,28.25,OFF
2026-08-06 11:27:37,28.62,28.25,OFF
2026-08-06 11:27:39,28.62,28.25,OFF
2026-08-06 11:27:40,28.56,28.31,OFF
2026-08-06 11:27:41,28.62,28.25,OFF
2026-08-06 11:27:43,28.62,28.25,OFF
2026-08-06 11:27:44,28.62,28.25,OFF
2026-08-06 11:27:45,28.62,28.31,OFF
2026-08-06 11:27:47,28.62,28.25,OFF
2026-08-06 11:27:48,28.56,28.31,OFF
2026-08-06 11:27:49,28.62,28.25,OFF
2026-08-06 11:27:51,28.62,28.25,OFF
2026-08-06 11:27:52,28.62,28.25,OFF
2026-08-06 11:27:53,28.62,28.25,OFF
2026-08-06 11:27:55,28.62,28.25,OFF
2026-08-06 11:27:56,28.62,28.31,OFF
2026-08-06 11:27:57,28.62,28.31,OFF
2026-08-06 11:27:59,28.62,28.25,OFF
2026-08-06 11:28:00,28.56,28.25,OFF
2026-08-06 11:28:01,28.62,28.25,OFF
2026-08-06 11:28:03,28.62,28.25,OFF
2026-08-06 11:28:04,28.62,28.25,OFF
2026-08-06 11:28:05,28.62,28.25,OFF
2026-08-06 11:28:07,28.56,28.31,OFF
2026-08-06 11:28:08,28.62,28.31,OFF
2026-08-06 11:28:09,28.62,28.25,OFF
2026-08-06 11:28:11,28.62,28.25,OFF
2026-08-06 11:28:12,28.56,28.25,OFF
2026-08-06 11:28:13,28.56,28.25,OFF
2026-08-06 11:28:15,28.62,28.25,OFF
2026-08-06 11:28:16,28.62,28.25,OFF
2026-08-06 11:28:17,28.62,28.25,OFF
2026-08-06 11:28:19,28.56,28.25,OFF
2026-08-06 11:28:20,28.62,28.25,OFF
2026-08-06 11:28:21,28.56,28.25,OFF
2026-08-06 11:28:23,28.56,28.25,OFF
2026-08-06 11:28:24,28.56,28.25,OFF
2026-08-06 11:28:25,28.56,28.25,OFF
2026-08-06 11:28:27,28.62,28.25,OFF
2026-08-06 11:28:28,28.62,28.25,OFF
2026-08-06 11:28:29,28.62,28.25,OFF
2026-08-06 11:28:31,28.62,28.25,OFF
2026-08-06 11:28:32,28.56,28.25,OFF
2026-08-06 11:28:33,28.56,28.25,OFF
2026-08-06 11:28:35,28.56,28.25,OFF
2026-08-06 11:28:36,28.56,28.25,OFF
2026-08-06 11:28:37,28.56,28.25,OFF
2026-08-06 11:28:39,28.56,28.25,OFF
2026-08-06 11:28:40,28.56,28.25,OFF
2026-08-06 11:28:41,28.56,28.25,OFF
2026-08-06 11:28:43,28.56,28.25,OFF
2026-08-06 11:28:44,28.56,28.25,OFF
2026-08-06 11:28:45,28.56,28.25,OFF
2026-08-06 11:28:47,28.56,28.25,OFF
2026-08-06 11:28:48,28.62,28.25,OFF
2026-08-06 11:28:49,28.62,28.25,OFF
2026-08-06 11:28:51,28.56,28.25,OFF
2026-08-06 11:28:52,28.56,28.25,OFF
2026-08-06 11:28:53,28.56,28.25,OFF
2026-08-06 11:28:55,28.56,28.25,OFF
2026-08-06 11:28:56,28.56,28.25,OFF
2026-08-06 11:28:57,28.62,28.25,OFF
2026-08-06 11:28:59,28.56,28.25,OFF
2026-08-06 11:29:00,28.62,28.25,OFF
2026-08-06 11:29:01,28.62,28.25,OFF
2026-08-06 11:29:03,28.56,28.25,OFF
2026-08-06 11:29:04,28.56,28.25,OFF
2026-08-06 11:29:05,28.62,28.25,OFF
2026-08-06 11:29:07,28.56,28.25,OFF
2026-08-06 11:29:08,28.56,28.25,OFF
2026-08-06 11:29:09,28.56,28.25,OFF
2026-08-06 11:29:11,28.56,28.25,OFF
2026-08-06 11:29:12,28.56,28.25,OFF
2026-08-06 11:29:13,28.56,28.25,OFF
2026-08-06 11:29:15,28.56,28.25,OFF
2026-08-06 11:29:16,28.56,28.25,OFF
2026-08-06 11:29:17,28.56,28.25,OFF
2026-08-06 11:29:19,28.56,28.25,OFF
2026-08-06 11:29:20,28.56,28.25,OFF
2026-08-06 11:29:21,28.56,28.25,OFF
2026-08-06 11:29:23,28.56,28.25,OFF
2026-08-06 11:29:24,28.56,28.25,OFF
2026-08-06 11:29:25,28.56,28.25,OFF
2026-08-06 11:29:27,28.56,28.25,OFF
2026-08-06 11:29:28,28.56,28.25,OFF
2026-08-06 11:29:29,28.56,28.25,OFF
2026-08-06 11:29:31,28.56,28.25,OFF
2026-08-06 11:29:32,28.62,28.25,OFF
2026-08-06 11:29:33,28.56,28.25,OFF
2026-08-06 11:29:35,28.56,28.25,OFF
2026-08-06 11:29:36,28.56,28.25,OFF
2026-08-06 11:29:37,28.56,28.25,OFF
2026-08-06 11:29:39,28.62,28.25,OFF
2026-08-06 11:29:40,28.62,28.25,OFF
2026-08-06 11:29:41,28.62,28.25,OFF
2026-08-06 11:29:43,28.62,28.25,OFF
2026-08-06 11:29:44,28.62,28.25,OFF
2026-08-06 11:29:45,28.62,28.25,OFF
2026-08-06 11:29:47,28.62,28.25,OFF
2026-08-06 11:29:48,28.62,28.25,OFF
2026-08-06 11:29:49,28.62,28.25,OFF
2026-08-06 11:29:51,28.62,28.25,OFF
2026-08-06 11:29:52,28.62,28.25,OFF
2026-08-06 11:29:53,28.62,28.25,OFF
2026-08-06 11:29:55,28.62,28.25,OFF
2026-08-06 11:29:56,28.62,28.25,OFF
2026-08-06 11:29:57,28.62,28.25,OFF
2026-08-06 11:29:59,28.62,28.25,OFF
2026-08-06 11:30:00,28.62,28.25,OFF
2026-08-06 11:30:01,28.62,28.25,OFF
2026-08-06 11:30:03,28.69,28.25,OFF
2026-08-06 11:30:04,28.69,28.25,OFF
2026-08-06 11:30:05,28.69,28.25,OFF
2026-08-06 11:30:07,28.69,28.25,OFF
2026-08-06 11:30:08,28.69,28.25,OFF
2026-08-06 11:30:09,28.69,28.25,OFF
2026-08-06 11:30:11,28.69,28.25,OFF
2026-08-06 11:30:12,28.69,28.25,OFF
2026-08-06 11:30:13,28.69,28.25,OFF
2026-08-06 11:30:15,28.69,28.25,OFF
2026-08-06 11:30:16,28.75,28.25,OFF
2026-08-06 11:30:17,28.69,28.25,OFF
2026-08-06 11:30:19,28.75,28.25,OFF
2026-08-06 11:30:20,28.75,28.25,OFF
2026-08-06 11:30:21,28.75,28.25,OFF
2026-08-06 11:30:23,28.75,28.25,OFF
2026-08-06 11:30:24,28.75,28.25,OFF
2026-08-06 11:30:25,28.75,28.25,OFF
2026-08-06 11:30:27,28.75,28.25,OFF
2026-08-06 11:30:28,28.75,28.25,OFF
2026-08-06 11:30:29,28.75,28.19,OFF
2026-08-06 11:30:31,28.75,28.25,OFF
2026-08-06 11:30:32,28.75,28.25,OFF
2026-08-06 11:30:33,28.75,28.25,OFF
2026-08-06 11:30:35,28.75,28.25,OFF
2026-08-06 11:30:36,28.75,28.25,OFF
2026-08-06 11:30:37,28.75,28.25,OFF
2026-08-06 11:30:39,28.75,28.25,OFF
2026-08-06 11:30:40,28.75,28.25,OFF
2026-08-06 11:30:41,28.75,28.25,OFF
2026-08-06 11:30:43,28.75,28.25,OFF
2026-08-06 11:30:44,28.75,28.25,OFF
2026-08-06 11:30:45,28.75,28.25,OFF
2026-08-06 11:30:47,28.75,28.25,OFF
2026-08-06 11:30:48,28.75,28.25,OFF
2026-08-06 11:30:49,28.75,28.25,OFF
2026-08-06 11:30:51,28.75,28.25,OFF
2026-08-06 11:30:52,28.75,28.25,OFF
2026-08-06 11:30:53,28.75,28.25,OFF
2026-08-06 11:30:55,28.75,28.25,OFF
2026-08-06 11:30:56,28.75,28.25,OFF
2026-08-06 11:30:57,28.75,28.25,OFF
2026-08-06 11:30:59,28.75,28.25,OFF
2026-08-06 11:31:00,28.75,28.25,OFF
2026-08-06 11:31:01,28.75,28.25,OFF
2026-08-06 11:31:03,28.75,28.25,OFF
2026-08-06 11:31:04,28.75,28.25,OFF
2026-08-06 11:31:05,28.69,28.25,OFF
2026-08-06 11:31:07,28.75,28.25,OFF
2026-08-06 11:31:08,28.75,28.25,OFF
2026-08-06 11:31:09,28.75,28.25,OFF
2026-08-06 11:31:11,28.75,28.25,OFF
2026-08-06 11:31:12,28.75,28.25,OFF
2026-08-06 11:31:13,28.69,28.25,OFF
2026-08-06 11:31:15,28.69,28.25,OFF
2026-08-06 11:31:16,28.69,28.25,OFF
2026-08-06 11:31:17,28.75,28.25,OFF
2026-08-06 11:31:19,28.75,28.25,OFF
2026-08-06 11:31:20,28.75,28.25,OFF
2026-08-06 11:31:21,28.69,28.25,OFF
2026-08-06 11:31:23,28.75,28.25,OFF
2026-08-06 11:31:24,28.69,28.25,OFF
2026-08-06 11:31:25,28.75,28.25,OFF
2026-08-06 11:31:27,28.69,28.25,OFF
2026-08-06 11:31:28,28.69,28.25,OFF
2026-08-06 11:31:29,28.69,28.25,OFF
2026-08-06 11:31:31,28.69,28.25,OFF
2026-08-06 11:31:32,28.69,28.25,OFF
2026-08-06 11:31:33,28.69,28.25,OFF
2026-08-06 11:31:35,28.69,28.25,OFF
2026-08-06 11:31:36,28.69,28.19,OFF
2026-08-06 11:31:37,28.69,28.25,OFF
2026-08-06 11:31:39,28.69,28.25,OFF
2026-08-06 11:31:40,28.69,28.25,OFF
2026-08-06 11:31:41,28.69,28.25,OFF
2026-08-06 11:31:43,28.69,28.19,OFF
2026-08-06 11:31:44,28.69,28.25,OFF
2026-08-06 11:31:45,28.69,28.25,OFF
2026-08-06 11:31:47,28.69,28.25,OFF
2026-08-06 11:31:48,28.69,28.25,OFF
2026-08-06 11:31:49,28.69,28.25,OFF
2026-08-06 11:31:51,28.69,28.25,OFF
2026-08-06 11:31:52,28.69,28.25,OFF
2026-08-06 11:31:53,28.69,28.25,OFF
2026-08-06 11:31:55,28.69,28.25,OFF
2026-08-06 11:31:56,28.69,28.25,OFF
2026-08-06 11:31:57,28.69,28.25,OFF
2026-08-06 11:31:59,28.69,28.25,OFF
2026-08-06 11:32:00,28.69,28.25,OFF
2026-08-06 11:32:01,28.69,28.25,OFF
2026-08-06 11:32:03,28.69,28.25,OFF
2026-08-06 11:32:04,28.69,28.25,OFF
2026-08-06 11:32:05,28.69,28.25,OFF
2026-08-06 11:32:07,28.69,28.25,OFF
2026-08-06 11:32:08,28.69,28.31,OFF
2026-08-06 11:32:09,28.69,28.31,OFF
2026-08-06 11:32:11,28.69,28.31,OFF
2026-08-06 11:32:12,28.69,28.25,OFF
2026-08-06 11:32:13,28.69,28.25,OFF
2026-08-06 11:32:15,28.69,28.31,OFF
2026-08-06 11:32:16,28.69,28.31,OFF
2026-08-06 11:32:17,28.69,28.31,OFF
2026-08-06 11:32:19,28.69,28.31,OFF
2026-08-06 11:32:20,28.69,28.31,OFF
2026-08-06 11:32:21,28.69,28.25,OFF
2026-08-06 11:32:23,28.69,28.25,OFF
2026-08-06 11:32:24,28.69,28.31,OFF
2026-08-06 11:32:25,28.69,28.31,OFF
2026-08-06 11:32:27,28.69,28.31,OFF
2026-08-06 11:32:28,28.69,28.31,OFF
2026-08-06 11:32:29,28.69,28.31,OFF
2026-08-06 11:32:31,28.69,28.31,OFF
2026-08-06 11:32:32,28.69,28.31,OFF
2026-08-06 11:32:33,28.69,28.31,OFF
2026-08-06 11:32:35,28.69,28.31,OFF
2026-08-06 11:32:36,28.69,28.31,OFF
2026-08-06 11:32:37,28.69,28.31,OFF
2026-08-06 11:32:39,28.69,28.25,OFF
2026-08-06 11:32:40,28.69,28.31,OFF
2026-08-06 11:32:41,28.69,28.31,OFF
2026-08-06 11:32:43,28.69,28.25,OFF
2026-08-06 11:32:44,28.69,28.31,OFF
2026-08-06 11:32:45,28.69,28.31,OFF
2026-08-06 11:32:47,28.69,28.31,OFF
2026-08-06 11:32:48,28.69,28.31,OFF
2026-08-06 11:32:49,28.69,28.31,OFF
2026-08-06 11:32:51,28.69,28.31,OFF
2026-08-06 11:32:52,28.62,28.31,OFF
2026-08-06 11:32:53,28.69,28.31,OFF
2026-08-06 11:32:55,28.69,28.31,OFF
2026-08-06 11:32:56,28.69,28.31,OFF
2026-08-06 11:32:57,28.69,28.31,OFF
2026-08-06 11:32:59,28.69,28.31,OFF
2026-08-06 11:33:00,28.62,28.31,OFF
2026-08-06 11:33:01,28.69,28.31,OFF
2026-08-06 11:33:03,28.62,28.31,OFF
2026-08-06 11:33:04,28.69,28.31,OFF
2026-08-06 11:33:05,28.69,28.31,OFF
2026-08-06 11:33:07,28.69,28.31,OFF
2026-08-06 11:33:08,28.69,28.31,OFF
2026-08-06 11:33:09,28.69,28.31,OFF
2026-08-06 11:33:11,28.69,28.31,OFF
2026-08-06 11:33:12,28.69,28.31,OFF
2026-08-06 11:33:13,28.69,28.31,OFF
2026-08-06 11:33:15,28.69,28.31,OFF
2026-08-06 11:33:16,28.69,28.31,OFF
2026-08-06 11:35:59,28.62,28.31,OFF
2026-08-06 11:36:01,28.62,28.31,OFF
2026-08-06 11:36:02,28.62,28.31,OFF
2026-08-06 11:36:03,28.62,28.31,OFF
2026-08-06 11:36:05,28.62,28.31,OFF
2026-08-06 11:36:06,28.62,28.31,OFF
2026-08-06 11:36:07,28.62,28.31,OFF
2026-08-06 11:36:09,28.62,28.31,OFF
2026-08-06 11:36:10,28.62,28.31,OFF
2026-08-06 11:36:11,28.62,28.31,OFF
2026-08-06 11:36:13,28.62,28.31,OFF
2026-08-06 11:36:14,28.62,28.31,OFF
2026-08-06 11:36:15,28.62,28.31,OFF
2026-08-06 11:36:17,28.62,28.31,OFF
2026-08-06 11:36:18,28.62,28.31,OFF
2026-08-06 11:36:19,28.62,28.31,OFF
2026-08-06 11:36:21,28.62,28.31,ON
2026-08-06 11:36:22,28.62,28.31,ON
2026-08-06 11:36:23,28.62,28.31,ON
2026-08-06 11:36:25,28.62,28.31,ON
2026-08-06 11:36:26,28.62,28.31,ON
2026-08-06 11:36:27,28.62,28.31,ON
2026-08-06 11:36:29,28.62,28.31,ON
2026-08-06 11:36:30,28.62,28.31,ON
2026-08-06 11:36:31,28.62,28.31,ON
2026-08-06 11:36:33,28.62,28.31,ON
2026-08-06 11:36:34,28.62,28.31,ON
2026-08-06 11:36:35,28.62,28.31,ON
2026-08-06 11:36:37,28.62,28.31,ON
2026-08-06 11:36:38,28.62,28.31,ON
2026-08-06 11:36:39,28.62,28.31,ON
2026-08-06 11:36:41,28.69,28.31,ON
2026-08-06 11:36:42,28.62,28.37,ON
2026-08-06 11:36:43,28.62,28.31,ON
2026-08-06 11:36:45,28.62,28.31,ON
2026-08-06 11:36:46,28.69,28.31,ON
2026-08-06 11:36:47,28.62,28.31,ON
2026-08-06 11:36:49,28.69,28.31,ON
2026-08-06 11:36:50,28.62,28.31,ON
2026-08-06 11:36:51,28.62,28.31,ON
2026-08-06 11:36:53,28.62,28.31,ON
2026-08-06 11:36:54,28.69,28.37,ON
2026-08-06 11:36:55,28.62,28.31,ON
2026-08-06 11:36:57,28.69,28.31,ON
2026-08-06 11:36:58,28.69,28.37,ON
2026-08-06 11:36:59,28.62,28.31,ON
2026-08-06 11:37:01,28.69,28.31,ON
2026-08-06 11:37:02,28.62,28.37,ON
2026-08-06 11:37:03,28.62,28.31,ON
2026-08-06 11:37:05,28.62,28.31,ON
2026-08-06 11:37:06,28.69,28.31,ON
2026-08-06 11:37:07,28.62,28.31,ON
2026-08-06 11:37:09,28.62,28.31,ON
2026-08-06 11:37:10,28.62,28.31,ON
2026-08-06 11:37:11,28.69,28.31,ON
2026-08-06 11:37:13,28.62,28.37,ON
2026-08-06 11:37:14,28.62,28.31,ON
2026-08-06 11:37:15,28.62,28.37,ON
2026-08-06 11:37:17,28.62,28.31,ON
2026-08-06 11:37:18,28.62,28.31,ON
2026-08-06 11:37:19,28.62,28.31,ON
2026-08-06 11:37:21,28.69,28.31,ON
2026-08-06 11:37:22,28.62,28.31,ON
2026-08-06 11:37:23,28.69,28.31,ON
2026-08-06 11:37:25,28.62,28.37,ON
2026-08-06 11:37:26,28.62,28.31,ON
2026-08-06 11:37:27,28.62,28.31,ON
2026-08-06 11:37:29,28.62,28.37,ON
2026-08-06 11:37:30,28.62,28.31,ON
2026-08-06 11:37:31,28.62,28.37,ON
2026-08-06 11:37:33,28.62,28.31,ON
2026-08-06 11:37:34,28.62,28.37,ON
2026-08-06 11:37:35,28.62,28.31,ON
2026-08-06 11:37:37,28.62,28.31,ON
2026-08-06 11:37:38,28.62,28.31,ON
2026-08-06 11:37:39,28.62,28.31,ON
2026-08-06 11:37:41,28.62,28.31,ON
2026-08-06 11:37:42,28.62,28.31,ON
2026-08-06 11:37:43,28.62,28.31,ON
2026-08-06 11:37:45,28.62,28.31,ON
2026-08-06 11:37:46,28.62,28.31,ON
2026-08-06 18:45:18,29.75,29.00,OFF
2026-08-06 18:45:19,29.75,29.00,OFF
2026-08-06 18:45:20,29.75,29.00,OFF
2026-08-06 18:45:22,29.75,29.00,OFF
2026-08-06 18:45:23,29.75,29.06,OFF
2026-08-06 18:45:24,29.81,29.06,OFF
